,datetime,source,platform,ip_address,country,is_bot,user_cnt,region,latitude,longitude
0,2024-09-01 19:16:03+00:00,UG_WEB,1,86.40.68.16,IE,0,1,Co Kerry,51.8788,-9.5722
1,2024-09-01 19:16:03+00:00,UGT_IOS,2,90.118.70.82,FR,0,1,Vaucluse,43.9446,4.9094
2,2024-09-01 19:16:03+00:00,UG_WEB,1,73.71.36.159,US,0,1,California,37.9387,-122.3661
3,2024-09-01 19:16:03+00:00,UG_WEB,1,72.49.137.226,US,0,1,Ohio,39.4347,-84.6208
4,2024-09-01 19:16:03+00:00,UG_WEB,1,93.66.84.89,IT,0,1,Milan,45.4722,9.1922
5,2024-09-01 19:16:03+00:00,UGT_IOS,2,73.217.149.186,US,0,1,South Carolina,32.8445,-79.8242
6,2024-09-01 19:16:03+00:00,UG_WEB,1,93.229.249.100,DE,0,1,Lower Saxony,52.1915,8.2977
7,2024-09-01 19:16:03+00:00,UG_WEB,1,165.0.137.117,ZA,0,1,Western Cape,-34.0195,22.7965
8,2024-09-01 19:16:03+00:00,UG_WEB,2,62.4.32.31,ME,0,1,Budva,42.2817,18.845
9,2024-09-01 19:16:03+00:00,UG_WEB,1,82.176.12.101,NL,0,1,Zeeland,51.4451,3.5765
10,2024-09-01 19:16:03+00:00,UGT_ANDROID,2,131.150.72.106,US,0,1,Texas,32.7015,-97.3831
11,2024-09-01 19:16:03+00:00,UGT_IOS,2,95.145.9.37,GB,0,1,Fife,56.1174,-3.5345
12,2024-09-01 19:16:03+00:00,UGT_IOS,2,38.121.43.172,US,0,1,Georgia,33.7485,-84.3871
13,2024-09-01 19:16:03+00:00,UG_WEB,2,99.234.131.221,CA,0,1,Ontario,43.6661,-79.8065
14,2024-09-01 19:16:03+00:00,UG_WEB,2,81.137.193.44,GB,0,1,,51.4964,-0.1224
15,2024-09-01 19:16:03+00:00,UG_WEB,1,82.65.51.35,FR,0,1,,48.8582,2.3387
16,2024-09-01 19:16:03+00:00,UG_WEB,1,216.254.230.75,US,0,1,Minnesota,43.629,-95.6059
17,2024-09-01 19:16:03+00:00,UGT_IOS,2,46.65.232.182,GB,0,1,Essex,51.5876,0.6048
18,2024-09-01 19:16:03+00:00,UG_WEB,1,51.158.252.88,FR,0,1,Paris,48.8323,2.4075
19,2024-09-01 19:16:03+00:00,UG_WEB,2,72.143.216.9,CA,0,1,British Columbia,49.245,-123.1337
20,2024-09-01 19:16:03+00:00,UGT_ANDROID,2,2.70.73.15,SE,0,1,Östergötland County,58.594,16.1889
21,2024-09-01 19:16:03+00:00,UGT_IOS,3,91.55.1.222,DE,0,1,Hesse,50.0847,8.2454
22,2024-09-01 19:16:03+00:00,UG_WEB,2,81.57.30.138,IT,0,1,Rome,41.8904,12.5126
23,2024-09-01 19:16:03+00:00,UG_WEB,1,67.21.98.130,CA,0,1,Ontario,44.1608,-81.6061
24,2024-09-01 19:16:03+00:00,UG_WEB,2,185.86.162.169,LB,0,1,,33.8351,35.8286
25,2024-09-01 19:16:03+00:00,UGT_IOS,2,104.2.85.11,US,0,1,California,33.0287,-117.0846
26,2024-09-01 19:16:03+00:00,UGT_IOS,2,94.2.108.234,GB,0,1,Leicestershire,52.5127,-1.3413
27,2024-09-01 19:16:03+00:00,UGT_IOS,2,172.72.85.3,US,0,1,North Carolina,35.4155,-80.6143
28,2024-09-01 19:16:03+00:00,UG_WEB,1,174.193.89.184,US,0,1,Virginia,36.7646,-76.3408
29,2024-09-01 19:16:03+00:00,UGT_ANDROID,2,31.61.180.115,PL,0,1,Mazovia,52.2167,21.0526
30,2024-09-01 19:16:03+00:00,UGT_IOS,3,50.72.112.221,CA,0,1,Manitoba,49.9235,-97.0811
31,2024-09-01 19:16:03+00:00,UG_WEB,1,66.183.77.18,CA,0,1,British Columbia,49.1378,-122.8521
32,2024-09-01 19:16:03+00:00,UGT_ANDROID,2,172.58.128.122,US,0,1,Florida,25.9289,-80.1827
33,2024-09-01 19:16:03+00:00,UGT_ANDROID,2,45.220.24.95,ZA,0,1,Gauteng,-25.8775,28.168
34,2024-09-01 19:16:03+00:00,UGT_IOS,2,88.97.195.56,GB,0,1,Stockton-on-Tees,54.5869,-1.4165
35,2024-09-01 19:16:03+00:00,UG_WEB,2,80.108.235.152,AT,0,1,Vienna,48.2031,16.3527
36,2024-09-01 19:16:03+00:00,UG_WEB,2,213.196.131.237,CH,0,1,Saint Gallen,47.4597,9.0491
37,2024-09-01 19:16:03+00:00,UGT_ANDROID,2,88.242.65.141,TR,0,1,Bursa Province,40.1904,29.0266
38,2024-09-01 19:16:03+00:00,UG_WEB,1,107.133.148.117,US,0,1,California,37.3479,-122.0351
39,2024-09-01 19:16:03+00:00,UGT_ANDROID,2,78.26.42.209,NO,0,1,Nordland,68.5635,14.9244
40,2024-09-01 19:16:03+00:00,UG_WEB,2,147.81.69.149,US,0,1,Hawaii,21.2984,-157.6962
41,2024-09-01 19:16:03+00:00,UG_WEB,1,174.56.70.105,US,0,1,New Mexico,32.2879,-106.7591
42,2024-09-01 19:16:03+00:00,UG_WEB,2,124.169.56.93,AU,0,1,New South Wales,-34.059,150.6954
43,2024-09-01 19:16:03+00:00,UGT_IOS,2,5.81.89.20,GB,0,1,West Sussex,51.025,-0.2978
44,2024-09-01 19:16:03+00:00,UG_WEB,1,98.199.129.119,US,0,1,Texas,29.7388,-95.8309
45,2024-09-01 19:16:03+00:00,UG_WEB,2,94.10.78.230,GB,0,1,Lewisham,51.4648,-0.0373
46,2024-09-01 19:16:03+00:00,UG_WEB,1,76.78.183.64,US,0,1,West Virginia,39.652,-79.9444
47,2024-09-01 19:16:03+00:00,UG_WEB,3,77.137.71.231,IL,0,1,Central District,32.1033,34.8879
48,2024-09-01 19:16:03+00:00,UG_WEB,1,87.201.179.97,AE,0,1,Dubai,25.0731,55.298
49,2024-09-01 19:16:04+00:00,UGT_IOS,2,212.129.80.226,IE,0,1,Leinster,53.2811,-6.3725
50,2024-09-01 19:16:04+00:00,UGT_IOS,2,84.170.115.119,DE,0,1,Bavaria,48.8859,12.5724
51,2024-09-01 19:16:04+00:00,UGT_IOS,2,173.66.22.234,US,0,1,Virginia,38.9307,-77.1673
52,2024-09-01 19:16:04+00:00,UG_WEB,1,77.241.136.41,DK,0,1,Capital Region,55.6702,12.5298
53,2024-09-01 19:16:04+00:00,UGT_IOS,3,79.247.136.33,DE,0,1,Baden-Wurttemberg,48.9966,8.4756
54,2024-09-01 19:16:04+00:00,UG_WEB,1,87.95.228.68,FI,0,1,North Savo,62.8807,27.6928
55,2024-09-01 19:16:04+00:00,UG_WEB,2,172.248.112.248,US,0,1,California,34.0282,-117.0372
56,2024-09-01 19:16:04+00:00,UG_WEB,2,82.40.136.147,GB,0,1,Solihull,52.4099,-1.8141
57,2024-09-01 19:16:04+00:00,UGT_IOS,2,104.205.174.177,CA,0,1,Alberta,55.275,-114.7721
58,2024-09-01 19:16:04+00:00,UGT_IOS,2,185.140.246.1,CZ,0,1,Prague,50.0805,14.467
59,2024-09-01 19:16:04+00:00,UGT_IOS,2,98.52.250.34,US,0,1,Illinois,42.3122,-88.4418
60,2024-09-01 19:16:04+00:00,UGT_ANDROID,2,73.184.174.26,US,0,1,Georgia,34.2015,-84.4222
61,2024-09-01 19:16:04+00:00,UG_WEB,2,173.247.143.250,CA,0,1,Ontario,42.9915,-82.3596
62,2024-09-01 19:16:04+00:00,UGT_ANDROID,2,89.245.21.128,DE,0,1,Schleswig-Holstein,54.5198,9.5677
63,2024-09-01 19:16:04+00:00,UG_WEB,1,93.86.181.108,RS,0,1,Belgrade,44.8046,20.4637
64,2024-09-01 19:16:04+00:00,UG_WEB,2,189.174.51.230,MX,0,1,Quintana Roo,20.6505,-87.0791
65,2024-09-01 19:16:04+00:00,UG_WEB,1,108.234.130.70,US,0,1,Wisconsin,43.0477,-88.004
66,2024-09-01 19:16:04+00:00,UGT_IOS,2,38.121.43.172,US,0,1,Georgia,33.7485,-84.3871
67,2024-09-01 19:16:04+00:00,UGT_ANDROID,2,24.70.113.128,CA,0,1,British Columbia,49.866,-119.7387
68,2024-09-01 19:16:04+00:00,UG_WEB,3,169.155.235.43,ES,0,1,Madrid,40.4163,-3.6934
69,2024-09-01 19:16:04+00:00,UG_WEB,2,27.252.215.89,NZ,0,1,Wellington Region,-41.2881,174.74
70,2024-09-01 19:16:04+00:00,UG_WEB,2,70.26.108.141,CA,0,1,Ontario,43.5898,-79.7599
71,2024-09-01 19:16:05+00:00,UG_WEB,1,181.164.7.68,AR,0,1,Cordoba,-31.3672,-64.2172
72,2024-09-01 19:16:06+00:00,UG_WEB,1,179.63.54.17,AR,0,1,San Juan,-31.4374,-68.5612
73,2024-09-01 19:16:10+00:00,UG_WEB,1,74.56.44.28,CA,0,1,Quebec,45.437,-75.8473
74,2024-09-01 19:16:10+00:00,UGT_IOS,2,174.216.180.217,US,0,1,Virginia,38.8978,-77.2885
75,2024-09-01 19:16:10+00:00,UG_WEB,1,109.178.161.225,GR,0,1,Attica,37.9842,23.7353
76,2024-09-01 19:16:10+00:00,UG_WEB,1,5.103.215.197,DK,0,1,South Denmark,55.3165,10.185
77,2024-09-01 19:16:10+00:00,UGT_IOS,2,51.174.16.21,NO,0,1,Vestland,60.4245,5.2898
78,2024-09-01 19:16:10+00:00,UG_WEB,3,93.238.138.36,DE,0,1,North Rhine-Westphalia,51.8313,6.2501
79,2024-09-01 19:16:10+00:00,UG_WEB,1,78.129.12.232,BE,0,1,Hainaut Province,50.4634,4.3741
80,2024-09-01 19:16:10+00:00,UGT_IOS,2,185.172.52.21,US,0,1,Missouri,38.6287,-90.1988
81,2024-09-01 19:16:10+00:00,UG_WEB,1,37.163.251.153,IT,0,1,,43.1479,12.1097
82,2024-09-01 19:16:10+00:00,UGT_ANDROID,2,66.68.65.183,US,0,1,Texas,28.0314,-97.067
83,2024-09-01 19:16:11+00:00,UG_WEB,1,51.155.228.37,GB,0,1,Harrow,51.5828,-0.3448
84,2024-09-01 19:16:11+00:00,UG_WEB,1,31.183.148.5,PL,0,1,Łódź Voivodeship,51.7645,19.4651
85,2024-09-01 19:16:11+00:00,UG_WEB,2,174.234.1.145,US,0,1,Colorado,39.7044,-105.0023
86,2024-09-01 19:16:11+00:00,UG_WEB,2,113.210.59.163,MY,0,1,Kuala Lumpur,3.1336,101.6675
87,2024-09-01 19:16:11+00:00,UGT_IOS,2,86.21.229.152,GB,0,1,Rhondda Cynon Taf,51.6211,-3.3704
88,2024-09-01 19:16:11+00:00,UGT_ANDROID,2,172.59.212.186,US,0,1,New Jersey,40.7337,-74.1939
89,2024-09-01 19:16:11+00:00,UG_WEB,1,46.212.245.29,NO,0,1,Akershus,59.9448,11.0215
90,2024-09-01 19:16:11+00:00,UG_WEB,2,158.140.179.138,ID,0,1,Banten,-6.2876,106.722
91,2024-09-01 19:16:11+00:00,UGT_IOS,2,49.224.215.19,NZ,0,1,Auckland,-36.8506,174.7679
92,2024-09-01 19:16:11+00:00,UGT_IOS,1,45.174.179.1,AR,0,1,Buenos Aires,-37.3154,-59.1579
93,2024-09-01 19:16:11+00:00,UG_WEB,2,151.57.119.144,IT,0,1,,43.1479,12.1097
94,2024-09-01 19:16:11+00:00,UGT_IOS,2,170.250.1.135,US,0,1,Florida,25.7838,-80.1823
95,2024-09-01 19:16:11+00:00,UG_WEB,2,129.81.255.168,US,0,1,Louisiana,30.4187,-90.0555
96,2024-09-01 19:16:11+00:00,UG_WEB,1,165.23.241.55,US,0,1,Kansas,38.9683,-95.2695
97,2024-09-01 19:16:11+00:00,UG_WEB,1,176.195.158.241,RU,0,1,Moscow Oblast,55.8015,37.9465
98,2024-09-01 19:16:11+00:00,UGT_ANDROID,2,107.77.203.80,US,0,1,Maryland,39.2909,-76.6096
99,2024-09-01 19:16:11+00:00,UG_WEB,1,176.104.21.234,UA,0,1,Kyiv City,50.458,30.5303
100,2024-09-01 19:16:11+00:00,UGT_ANDROID,2,172.58.50.228,US,0,1,Texas,29.8614,-95.3412
101,2024-09-01 19:16:11+00:00,UGT_ANDROID,2,151.15.69.207,IT,0,1,Rome,41.8904,12.5126
102,2024-09-01 19:16:11+00:00,UG_WEB,2,46.138.76.6,RU,0,1,Moscow,55.7483,37.6171
103,2024-09-01 19:16:11+00:00,UGT_IOS,2,82.16.129.125,GB,0,1,Middlesbrough,54.5585,-1.1476
104,2024-09-01 19:16:11+00:00,UG_WEB,1,24.90.158.91,US,0,1,New York,40.6643,-73.9763
105,2024-09-01 19:16:11+00:00,UG_WEB,2,104.49.242.53,US,0,1,Kentucky,37.8245,-83.7811
106,2024-09-01 19:16:11+00:00,UG_WEB,1,86.44.176.254,IE,0,1,Co Kildare,53.3598,-6.4905
107,2024-09-01 19:16:11+00:00,UGT_ANDROID,2,216.209.225.20,CA,0,1,Quebec,45.7811,-73.9813
108,2024-09-01 19:16:11+00:00,UGT_IOS,2,216.208.243.164,CA,0,1,Nova Scotia,44.6835,-63.5778
109,2024-09-01 19:16:12+00:00,UG_WEB,1,73.246.69.183,US,0,1,Illinois,41.6267,-87.603
110,2024-09-01 19:16:12+00:00,UGT_IOS,2,85.231.89.118,SE,0,1,Skåne County,55.3641,13.1751
111,2024-09-01 19:16:12+00:00,UGT_IOS,2,216.165.95.157,US,0,1,New York,40.7279,-73.9966
112,2024-09-01 19:16:12+00:00,UG_WEB,1,76.133.172.215,US,0,1,California,36.6307,-121.7853
113,2024-09-01 19:16:12+00:00,UGT_IOS,2,151.200.236.243,US,0,1,Virginia,38.9567,-77.2278
114,2024-09-01 19:16:12+00:00,UG_WEB,2,109.95.115.79,PL,0,1,Silesia,49.6848,19.1949
115,2024-09-01 19:16:12+00:00,UG_WEB,4,3.234.232.103,US,1,1,Virginia,39.0469,-77.4903
116,2024-09-01 19:16:12+00:00,UG_WEB,4,3.234.232.114,US,1,1,Virginia,39.0469,-77.4903
117,2024-09-01 19:16:12+00:00,UG_WEB,2,172.219.14.104,CA,0,1,Alberta,53.4144,-113.416
118,2024-09-01 19:16:12+00:00,UG_WEB,2,180.74.66.151,MY,0,1,Kuala Lumpur,3.1458,101.6406
119,2024-09-01 19:16:12+00:00,UGT_IOS,2,68.102.102.11,US,0,1,Kansas,39.1918,-96.5818
120,2024-09-01 19:16:12+00:00,UG_WEB,1,73.33.54.156,US,0,1,New Jersey,39.8521,-74.9641
121,2024-09-01 19:16:12+00:00,UG_WEB,1,109.81.173.184,CZ,0,1,Prague,50.0687,14.3947
122,2024-09-01 19:16:12+00:00,UGT_IOS,2,172.59.131.135,US,0,1,California,37.6736,-122.0944
123,2024-09-01 19:16:12+00:00,UG_WEB,1,67.218.229.177,ES,0,1,Gipuzkoa,43.3126,-1.9745
124,2024-09-01 19:16:12+00:00,UGT_ANDROID,3,24.130.107.38,US,0,1,California,38.4782,-122.7475
125,2024-09-01 19:16:12+00:00,UGT_IOS,2,174.234.78.138,US,0,1,Arizona,33.4475,-112.0866
126,2024-09-01 19:16:12+00:00,UG_WEB,2,100.8.177.83,US,0,1,New Jersey,40.4442,-74.13
127,2024-09-01 19:16:12+00:00,UGT_ANDROID,2,24.133.64.13,TR,0,1,Ankara,39.9205,32.8372
128,2024-09-01 19:16:12+00:00,UG_WEB,1,24.59.24.74,US,0,1,New York,43.3381,-75.7537
129,2024-09-01 19:16:12+00:00,UGT_IOS,2,73.25.157.167,US,0,1,Oregon,45.5033,-122.7744
130,2024-09-01 19:16:12+00:00,UG_WEB,1,101.56.2.3,IT,0,1,Rome,41.8904,12.5126
131,2024-09-01 19:16:12+00:00,UG_WEB,2,121.6.14.39,SG,0,1,,1.3153,103.9143
132,2024-09-01 19:16:12+00:00,UG_WEB,2,172.59.64.15,US,0,1,Florida,30.2903,-81.5092
133,2024-09-01 19:16:12+00:00,UG_WEB,1,84.190.196.250,DE,0,1,Hesse,50.1445,8.5017
134,2024-09-01 19:16:12+00:00,UG_WEB,3,35.147.35.38,US,0,1,Texas,30.5154,-97.6689
135,2024-09-01 19:16:12+00:00,UG_WEB,2,51.14.253.76,GB,0,1,Lancashire,54.0479,-2.7977
136,2024-09-01 19:16:12+00:00,UG_WEB,2,166.196.54.91,US,0,1,Georgia,33.8654,-84.3385
137,2024-09-01 19:16:12+00:00,UG_WEB,2,122.2.102.112,PH,0,1,Metro Manila,14.5967,120.9792
138,2024-09-01 19:16:12+00:00,UGT_ANDROID,2,86.17.109.168,GB,0,1,Lincolnshire,53.2145,-0.5711
139,2024-09-01 19:16:12+00:00,UGT_ANDROID,2,62.167.46.38,CH,0,1,Vaud,46.5267,6.6243
140,2024-09-01 19:16:12+00:00,UG_WEB,2,81.19.208.86,NL,0,1,North Holland,52.3759,4.8975
141,2024-09-01 19:16:12+00:00,UG_WEB,2,182.54.172.227,NZ,0,1,Otago,-45.8825,170.5162
142,2024-09-01 19:16:12+00:00,UG_WEB,2,68.13.139.129,US,0,1,Nebraska,41.3393,-96.0507
143,2024-09-01 19:16:12+00:00,UGT_IOS,2,174.235.48.252,US,0,1,North Carolina,35.2296,-80.843
144,2024-09-01 19:16:12+00:00,UGT_IOS,2,77.18.62.123,NO,0,1,Oslo County,59.9016,10.7343
145,2024-09-01 19:16:12+00:00,UG_WEB,1,62.45.87.36,NL,0,1,Overijssel,52.3256,6.9132
146,2024-09-01 19:16:12+00:00,UGT_IOS,2,87.173.113.71,DE,0,1,Baden-Wurttemberg,48.9966,8.4756
147,2024-09-01 19:16:12+00:00,UG_WEB,2,174.224.152.255,US,0,1,Tennessee,35.032,-90.0139
148,2024-09-01 19:16:12+00:00,UGT_IOS,2,90.119.119.108,FR,0,1,Var,43.3308,6.0835
149,2024-09-01 19:16:13+00:00,UGT_IOS,2,80.208.69.255,DK,0,1,Central Jutland,56.1897,10.1995
150,2024-09-01 19:16:13+00:00,UGT_IOS,2,80.233.51.242,IE,0,1,Leinster,53.3297,-6.2708
151,2024-09-01 19:16:13+00:00,UG_WEB,2,114.4.215.31,ID,0,1,East Java,-7.2484,112.7419
152,2024-09-01 19:16:13+00:00,UGT_IOS,2,173.233.190.129,US,0,1,Georgia,33.719,-82.7416
153,2024-09-01 19:16:13+00:00,UGT_IOS,3,90.193.85.209,GB,0,1,Leicester,52.6407,-1.1354
154,2024-09-01 19:16:13+00:00,UGT_ANDROID,3,146.241.22.166,IT,0,1,,43.1479,12.1097
155,2024-09-01 19:16:13+00:00,UGT_IOS,2,78.16.49.162,IE,0,1,Waterford,52.2568,-7.1097
156,2024-09-01 19:16:13+00:00,UGT_IOS,2,162.220.158.251,US,0,1,Illinois,41.6816,-88.9697
157,2024-09-01 19:16:13+00:00,UG_WEB,2,88.97.218.64,GB,0,1,Newport,51.5833,-2.9833
158,2024-09-01 19:16:13+00:00,UG_WEB,2,2.122.254.147,GB,0,1,St. Helens,53.4859,-2.7412
159,2024-09-01 19:16:13+00:00,UG_WEB,1,217.180.228.144,US,0,1,Iowa,41.6289,-93.7255
160,2024-09-01 19:16:13+00:00,UG_WEB,1,85.250.219.87,IL,0,1,Tel Aviv,32.0803,34.7805
161,2024-09-01 19:16:13+00:00,UG_WEB,2,78.62.70.235,LT,0,1,Kaunas,54.9038,23.8924
162,2024-09-01 19:16:13+00:00,UGT_IOS,2,174.116.10.218,CA,0,1,Ontario,45.3663,-75.7955
163,2024-09-01 19:16:13+00:00,UG_WEB,3,104.28.86.112,GB,0,1,,51.4964,-0.1224
164,2024-09-01 19:16:13+00:00,UGT_IOS,3,92.31.195.228,GB,0,1,Leicester,52.6513,-1.0876
165,2024-09-01 19:16:13+00:00,UG_WEB,1,181.63.104.180,CO,0,1,Bogota D.C.,4.6913,-74.032
166,2024-09-01 19:16:13+00:00,UGT_IOS,2,174.119.139.244,CA,0,1,Ontario,43.1962,-79.8457
167,2024-09-01 19:16:13+00:00,UG_WEB,1,84.0.193.233,HU,0,1,Bács-Kiskun,46.905,19.6958
168,2024-09-01 19:16:13+00:00,UG_WEB,1,204.229.10.102,US,0,1,Idaho,43.6138,-116.3972
169,2024-09-01 19:16:13+00:00,UG_WEB,2,148.252.156.193,GB,0,1,,51.4964,-0.1224
170,2024-09-01 19:16:13+00:00,UGT_IOS,2,86.46.125.77,IE,0,1,Leinster,53.297,-6.1532
171,2024-09-01 19:16:13+00:00,UGT_IOS,2,151.225.112.212,GB,0,1,Darlington,54.5245,-1.551
172,2024-09-01 19:16:13+00:00,UG_WEB,1,46.138.168.140,RU,0,1,Moscow,55.7483,37.6171
173,2024-09-01 19:16:13+00:00,UG_WEB,2,108.52.143.157,US,0,1,Pennsylvania,39.9198,-75.399
174,2024-09-01 19:16:13+00:00,UGT_IOS,3,82.132.234.43,GB,0,1,Southwark,51.5026,-0.066
175,2024-09-01 19:16:13+00:00,UGT_ANDROID,2,70.76.249.39,CA,0,1,Ontario,46.5291,-84.305
176,2024-09-01 19:16:13+00:00,UG_WEB,1,73.15.191.37,US,0,1,California,37.0088,-121.9862
177,2024-09-01 19:16:13+00:00,UG_WEB,2,190.2.108.40,AR,0,1,,-34.6022,-58.3845
178,2024-09-01 19:16:13+00:00,UG_WEB,2,114.10.7.255,ID,0,1,Central Java,-6.9932,110.4215
179,2024-09-01 19:16:13+00:00,UG_WEB,2,137.119.15.106,US,0,1,Alabama,34.4944,-85.8427
180,2024-09-01 19:16:13+00:00,UGT_IOS,2,76.155.189.247,US,0,1,Colorado,39.8147,-105.1168
181,2024-09-01 19:16:13+00:00,UGT_IOS,3,184.176.94.249,US,0,1,Arizona,33.5278,-112.2105
182,2024-09-01 19:16:13+00:00,UGT_IOS,2,107.123.1.72,US,0,1,Missouri,38.5774,-90.6709
183,2024-09-01 19:16:13+00:00,UGT_IOS,2,67.187.112.177,US,0,1,Tennessee,35.9306,-86.8788
184,2024-09-01 19:16:13+00:00,UG_WEB,1,73.246.69.183,US,0,1,Illinois,41.6267,-87.603
185,2024-09-01 19:16:13+00:00,UGT_ANDROID,2,88.161.31.1,FR,0,1,Aisne,49.0132,3.2814
186,2024-09-01 19:16:13+00:00,UGT_IOS,2,68.61.113.4,US,0,1,Michigan,42.6969,-82.8245
187,2024-09-01 19:16:13+00:00,UG_WEB,1,98.208.188.135,US,0,1,Florida,26.4348,-81.811
188,2024-09-01 19:16:13+00:00,UGT_ANDROID,2,109.139.153.64,BE,0,1,Brussels Capital,50.8534,4.347
189,2024-09-01 19:16:13+00:00,UG_WEB,1,90.216.16.215,GB,0,1,Barnsley,53.552,-1.4872
190,2024-09-01 19:16:13+00:00,UG_WEB,1,93.176.184.48,ES,0,1,Barcelona,41.3947,2.1408
191,2024-09-01 19:16:13+00:00,UG_WEB,1,188.217.57.230,IT,0,1,Province of Florence,43.7891,11.2356
192,2024-09-01 19:16:14+00:00,UG_WEB,1,178.194.142.214,CH,0,1,Appenzell Ausserrhoden,47.4123,9.4526
193,2024-09-01 19:16:14+00:00,UGT_IOS,3,89.244.88.51,DE,0,1,Baden-Wurttemberg,49.548,8.4481
194,2024-09-01 19:16:14+00:00,UG_WEB,2,207.207.116.1,US,0,1,Washington,47.2623,-122.4815
195,2024-09-01 19:16:14+00:00,UG_WEB,2,174.176.209.214,US,0,1,Florida,26.3441,-80.084
196,2024-09-01 19:16:14+00:00,UG_WEB,2,78.16.48.98,IE,0,1,Waterford,52.2568,-7.1097
197,2024-09-01 19:16:14+00:00,UGT_IOS,3,103.127.57.81,BD,0,1,Dhaka,23.8175,90.4096
198,2024-09-01 19:16:14+00:00,UGT_IOS,3,107.202.172.18,US,0,1,Oklahoma,35.2025,-97.4835
199,2024-09-01 19:16:14+00:00,UG_WEB,1,77.1.157.6,DE,0,1,Free and Hanseatic City of Hamburg,53.5891,9.8822
200,2024-09-01 19:16:14+00:00,UG_WEB,2,83.57.205.189,ES,0,1,Las Palmas,28.1363,-15.6317
201,2024-09-01 19:16:14+00:00,UG_WEB,1,176.101.182.54,SK,0,1,Nitra Region,48.5577,18.16
202,2024-09-01 19:16:14+00:00,UGT_IOS,2,86.48.12.2,JP,0,1,Tokyo,35.6893,139.6899
203,2024-09-01 19:16:14+00:00,UGT_ANDROID,2,109.81.171.14,CZ,0,1,Prague,50.0687,14.3947
204,2024-09-01 19:16:14+00:00,UG_WEB,2,174.230.144.87,US,0,1,Tennessee,35.1128,-89.9085
205,2024-09-01 19:16:14+00:00,UG_WEB,1,105.233.109.106,ZA,0,1,Western Cape,-34.0486,18.4811
206,2024-09-01 19:16:14+00:00,UG_WEB,2,31.4.192.203,ES,0,1,Seville,37.4086,-5.9938
207,2024-09-01 19:16:14+00:00,UGT_IOS,2,2.219.237.118,GB,0,1,Renfrewshire,55.8319,-4.4322
208,2024-09-01 19:16:14+00:00,UG_WEB,1,37.201.153.42,DE,0,1,North Rhine-Westphalia,50.9494,6.9681
209,2024-09-01 19:16:14+00:00,UGT_ANDROID,2,92.184.107.134,FR,0,1,Paris,48.8323,2.4075
210,2024-09-01 19:16:14+00:00,UG_WEB,1,80.129.209.11,DE,0,1,Saxony,50.6154,12.7395
211,2024-09-01 19:16:14+00:00,UG_WEB,2,185.213.80.46,CA,0,1,Quebec,45.5075,-73.5887
212,2024-09-01 19:16:14+00:00,UG_WEB,1,156.34.53.69,CA,0,1,Nova Scotia,44.6643,-63.6002
213,2024-09-01 19:16:14+00:00,UG_WEB,2,99.22.26.120,US,0,1,Illinois,42.354,-87.8675
214,2024-09-01 19:16:14+00:00,UG_WEB,3,188.210.58.12,DE,0,1,Rheinland-Pfalz,49.6161,8.2793
215,2024-09-01 19:16:14+00:00,UG_WEB,1,190.235.9.125,PE,0,1,Lima Province,-12.0432,-77.0282
216,2024-09-01 19:16:14+00:00,UG_WEB,2,84.210.138.254,NO,0,1,Oslo County,59.9016,10.7343
217,2024-09-01 19:16:14+00:00,UGT_IOS,2,172.58.15.160,US,0,1,Minnesota,44.9834,-93.2622
218,2024-09-01 19:16:14+00:00,UGT_IOS,2,86.92.21.53,NL,0,1,North Brabant,51.6567,4.872
219,2024-09-01 19:16:14+00:00,UG_WEB,1,104.28.62.25,DE,0,1,Hesse,50.1187,8.6842
220,2024-09-01 19:16:14+00:00,UG_WEB,2,5.71.113.215,GB,0,1,Hammersmith and Fulham,51.477,-0.1959
221,2024-09-01 19:16:14+00:00,UGT_ANDROID,2,174.213.209.56,US,0,1,Missouri,39.0831,-94.5853
222,2024-09-01 19:16:14+00:00,UG_WEB,2,71.184.121.45,US,0,1,Massachusetts,42.4188,-71.1557
223,2024-09-01 19:16:14+00:00,UG_WEB,2,172.56.162.179,US,0,1,New York,40.7484,-73.862
224,2024-09-01 19:16:14+00:00,UGT_IOS,2,108.185.6.102,US,0,1,California,33.8206,-118.034
225,2024-09-01 19:16:14+00:00,UGT_IOS,3,73.230.201.201,US,0,1,Pennsylvania,39.7885,-77.76
226,2024-09-01 19:16:14+00:00,UGT_ANDROID,2,97.188.17.252,US,0,1,Pennsylvania,40.5222,-78.4034
227,2024-09-01 19:16:14+00:00,UG_WEB,1,98.208.188.135,US,0,1,Florida,26.4348,-81.811
228,2024-09-01 19:16:14+00:00,UGT_ANDROID,2,176.83.200.188,ES,0,1,Andalusia,36.7261,-4.426
229,2024-09-01 19:16:16+00:00,UG_WEB,1,82.132.236.241,GB,0,1,Southwark,51.5026,-0.066
230,2024-09-01 19:16:16+00:00,UG_WEB,1,104.28.47.38,BO,0,1,Santa Cruz Department,-17.7834,-63.1822
231,2024-09-01 19:16:16+00:00,UG_WEB,2,170.247.37.41,BR,0,1,São Paulo,-23.9961,-46.2534
232,2024-09-01 19:16:16+00:00,UG_WEB,2,172.225.201.40,IN,0,1,Maharashtra,19.0748,72.8856
233,2024-09-01 19:16:16+00:00,UG_WEB,1,76.67.110.50,CA,0,1,Ontario,44.3136,-78.24
234,2024-09-01 19:16:16+00:00,UG_WEB,1,5.25.175.4,TR,0,1,İzmir Province,38.46,27.16
235,2024-09-01 19:16:16+00:00,UG_WEB,2,125.167.48.92,ID,0,1,South Sumatra,-2.9146,104.7535
236,2024-09-01 19:16:16+00:00,UG_WEB,2,106.194.169.233,IN,0,1,Madhya Pradesh,22.717,75.8337
237,2024-09-01 19:16:17+00:00,UG_WEB,1,46.217.97.8,MK,0,1,,41.9985,21.4313
238,2024-09-01 19:16:17+00:00,UG_WEB,1,70.125.166.86,US,0,1,Texas,30.5875,-97.8535
239,2024-09-01 19:16:17+00:00,UG_WEB,2,107.77.228.19,US,0,1,California,33.9339,-117.8854
240,2024-09-01 19:16:17+00:00,UG_WEB,4,3.234.232.12,US,1,1,Virginia,39.0469,-77.4903
241,2024-09-01 19:16:17+00:00,UGT_IOS,2,176.5.139.154,DE,0,1,Lower Saxony,52.3357,9.7215
242,2024-09-01 19:16:17+00:00,UGT_IOS,2,12.75.178.97,US,0,1,Texas,32.9473,-96.7028
243,2024-09-01 19:16:17+00:00,UGT_IOS,2,46.69.209.65,GB,0,1,Nottingham,52.9987,-1.1953
244,2024-09-01 19:16:17+00:00,UG_WEB,1,174.236.33.31,US,0,1,Michigan,42.4649,-83.3684
245,2024-09-01 19:16:17+00:00,UG_WEB,2,174.162.188.11,US,0,1,Utah,40.576,-111.8788
246,2024-09-01 19:16:17+00:00,UG_WEB,2,31.201.85.77,NL,0,1,North Brabant,51.4384,5.4634
247,2024-09-01 19:16:17+00:00,UGT_IOS,2,38.141.253.135,US,0,1,Oklahoma,34.0026,-96.3832
248,2024-09-01 19:16:17+00:00,UG_WEB,2,172.59.128.130,US,0,1,California,37.6736,-122.0944
249,2024-09-01 19:16:17+00:00,UG_WEB,2,139.28.217.94,NL,0,1,North Holland,52.3109,4.9453
250,2024-09-01 19:16:17+00:00,UG_WEB,2,96.43.75.2,US,0,1,New York,42.3534,-73.8123
251,2024-09-01 19:16:17+00:00,UGT_IOS,2,46.13.43.135,CZ,0,1,Prague,50.0687,14.3947
252,2024-09-01 19:16:17+00:00,UG_WEB,1,68.41.168.241,US,0,1,Michigan,42.5316,-83.5262
253,2024-09-01 19:16:17+00:00,UG_WEB,2,174.219.107.43,US,0,1,Virginia,36.8366,-76.1624
254,2024-09-01 19:16:17+00:00,UGT_IOS,2,45.31.96.31,US,0,1,Indiana,39.6804,-86.1306
255,2024-09-01 19:16:17+00:00,UGT_IOS,2,72.223.12.233,US,0,1,Arizona,33.6325,-112.1277
256,2024-09-01 19:16:17+00:00,UGT_IOS,3,174.206.101.162,US,0,1,Virginia,37.5137,-77.2664
257,2024-09-01 19:16:17+00:00,UGT_IOS,2,172.56.24.251,US,0,1,Texas,29.7805,-95.5129
258,2024-09-01 19:16:17+00:00,UG_WEB,1,47.37.198.54,US,0,1,South Carolina,34.7518,-82.2556
259,2024-09-01 19:16:17+00:00,UG_WEB,2,172.59.176.78,US,0,1,New York,42.9339,-78.8046
260,2024-09-01 19:16:17+00:00,UGT_ANDROID,2,51.19.112.108,GB,0,1,Brent,51.5573,-0.2971
261,2024-09-01 19:16:17+00:00,UG_WEB,1,156.249.10.232,SG,0,1,,1.2997,103.8393
262,2024-09-01 19:16:17+00:00,UG_WEB,2,95.68.78.48,LV,0,1,Salaspils Municipality,56.8597,24.3425
263,2024-09-01 19:16:17+00:00,UGT_ANDROID,2,98.50.202.206,US,0,1,Arkansas,34.7264,-92.3444
264,2024-09-01 19:16:17+00:00,UG_WEB,1,87.122.24.120,DE,0,1,North Rhine-Westphalia,51.5226,6.8378
265,2024-09-01 19:16:17+00:00,UG_WEB,1,118.179.76.81,BD,0,1,Dhaka,23.8672,90.3927
266,2024-09-01 19:16:17+00:00,UG_WEB,1,114.31.140.57,IN,0,1,Punjab,31.0048,75.9463
267,2024-09-01 19:16:17+00:00,UG_WEB,1,95.17.150.167,ES,0,1,Barcelona,41.2324,1.8032
268,2024-09-01 19:16:17+00:00,UG_WEB,1,76.21.202.253,US,0,1,Maryland,39.068,-76.9933
269,2024-09-01 19:16:17+00:00,UG_WEB,2,187.189.88.156,MX,0,1,México,19.5217,-99.0939
270,2024-09-01 19:16:17+00:00,UG_WEB,1,77.119.94.221,AT,0,1,Styria,47.0481,15.4093
271,2024-09-01 19:16:17+00:00,UGT_IOS,2,50.39.111.13,US,0,1,Oregon,45.5496,-122.8293
272,2024-09-01 19:16:17+00:00,UGT_IOS,2,75.31.44.36,US,0,1,Oklahoma,35.6211,-97.4757
273,2024-09-01 19:16:17+00:00,UG_WEB,1,188.26.212.121,ES,0,1,Madrid,40.4092,-3.6455
274,2024-09-01 19:16:17+00:00,UG_WEB,1,80.62.117.242,DK,0,1,Capital Region,55.6689,12.5872
275,2024-09-01 19:16:17+00:00,UG_WEB,2,104.28.196.82,NP,0,1,Bagmati Province,27.6974,85.3318
276,2024-09-01 19:16:17+00:00,UG_WEB,2,77.205.22.149,FR,0,1,Gironde,44.8412,-0.5806
277,2024-09-01 19:16:17+00:00,UG_WEB,1,82.132.236.241,GB,0,1,Southwark,51.5026,-0.066
278,2024-09-01 19:16:17+00:00,UG_WEB,1,213.18.143.35,GB,0,1,Reading,51.5104,-1.1947
279,2024-09-01 19:16:17+00:00,UGT_IOS,2,99.163.124.117,US,0,1,Tennessee,36.3066,-86.6101
280,2024-09-01 19:16:17+00:00,UGT_ANDROID,2,5.69.230.81,GB,0,1,Southampton,50.8696,-1.3091
281,2024-09-01 19:16:17+00:00,UG_WEB,1,84.65.85.35,GB,0,1,Tower Hamlets,51.5064,-0.02
282,2024-09-01 19:16:17+00:00,UG_WEB,2,67.48.103.176,US,0,1,Alabama,31.2653,-85.3992
283,2024-09-01 19:16:17+00:00,UGT_IOS,2,85.250.66.7,IL,0,1,Tel Aviv,32.0123,34.7705
284,2024-09-01 19:16:17+00:00,UG_WEB,2,78.243.53.54,FR,0,1,,48.8582,2.3387
285,2024-09-01 19:16:17+00:00,UGT_ANDROID,2,73.24.79.92,US,0,1,Florida,28.8024,-81.5316
286,2024-09-01 19:16:17+00:00,UG_WEB,1,178.192.197.45,CH,0,1,Basel-Landschaft,47.5318,7.6911
287,2024-09-01 19:16:17+00:00,UGT_IOS,3,92.208.62.180,DE,0,1,Saxony,51.1231,13.1094
288,2024-09-01 19:16:17+00:00,UG_WEB,2,92.10.88.109,GB,0,1,Rhondda Cynon Taf,51.6117,-3.4092
289,2024-09-01 19:16:18+00:00,UG_WEB,2,73.47.126.128,US,0,1,Connecticut,41.4186,-73.1275
290,2024-09-01 19:16:18+00:00,UGT_IOS,2,84.157.152.226,DE,0,1,Saxony-Anhalt,52.525,11.3887
291,2024-09-01 19:16:18+00:00,UGT_IOS,3,46.125.250.49,AT,0,1,,48.2048,16.3801
292,2024-09-01 19:16:18+00:00,UGT_IOS,2,107.122.229.1,US,0,1,Oklahoma,35.3352,-97.4789
293,2024-09-01 19:16:18+00:00,UG_WEB,2,188.64.207.151,IL,0,1,Tel Aviv,32.0717,34.8307
294,2024-09-01 19:16:18+00:00,UG_WEB,2,172.226.49.42,SE,0,1,Stockholm County,59.3241,18.0517
295,2024-09-01 19:16:18+00:00,UGT_ANDROID,2,172.59.125.250,US,0,1,Oklahoma,35.4834,-97.6315
296,2024-09-01 19:16:18+00:00,UGT_ANDROID,2,93.151.214.150,IT,0,1,Province of Verona,45.2895,10.8778
297,2024-09-01 19:16:18+00:00,UGT_ANDROID,2,89.156.199.181,FR,0,1,Calvados,49.1837,-0.356
298,2024-09-01 19:16:18+00:00,UG_WEB,1,216.51.225.94,US,0,1,Iowa,41.7013,-91.6775
299,2024-09-01 19:16:18+00:00,UG_WEB,2,84.203.2.170,IE,0,1,County Cork,51.8755,-8.493
300,2024-09-01 19:16:18+00:00,UGT_IOS,2,46.230.128.127,NO,0,1,Oslo County,59.8636,10.7961
301,2024-09-01 19:16:18+00:00,UG_WEB,2,176.153.86.16,FR,0,1,Savoy,45.2854,6.3541
302,2024-09-01 19:16:18+00:00,UGT_IOS,2,174.203.99.9,US,0,1,Pennsylvania,40.4858,-80.017
303,2024-09-01 19:16:18+00:00,UG_WEB,1,85.221.145.172,PL,0,1,Greater Poland,52.3959,16.8913
304,2024-09-01 19:16:18+00:00,UG_WEB,1,149.40.62.42,US,0,1,Washington,47.6034,-122.3414
305,2024-09-01 19:16:18+00:00,UG_WEB,3,73.82.26.44,US,0,1,Georgia,34.2497,-84.4894
306,2024-09-01 19:16:18+00:00,UGT_ANDROID,2,86.22.229.93,GB,0,1,Plymouth,50.3601,-4.1423
307,2024-09-01 19:16:18+00:00,UGT_ANDROID,2,172.58.243.219,US,0,1,District of Columbia,38.9208,-77.036
308,2024-09-01 19:16:18+00:00,UG_WEB,2,114.10.153.4,ID,0,1,Yogyakarta,-7.8035,110.3646
309,2024-09-01 19:16:18+00:00,UG_WEB,1,81.77.205.236,GB,0,1,Newport,51.6421,-3.138
310,2024-09-01 19:16:18+00:00,UG_WEB,1,82.77.81.142,RO,0,1,Bacău County,46.5701,26.9124
311,2024-09-01 19:16:18+00:00,UG_WEB,1,90.196.153.3,GB,0,1,South Tyneside,54.9684,-1.4002
312,2024-09-01 19:16:18+00:00,UG_WEB,1,79.35.28.119,IT,0,1,Province of Florence,43.7891,11.2356
313,2024-09-01 19:16:18+00:00,UG_WEB,2,87.212.164.108,NL,0,1,South Holland,52.0565,4.328
314,2024-09-01 19:16:18+00:00,UG_WEB,2,103.85.242.207,BD,0,1,Dhaka,23.7908,90.4109
315,2024-09-01 19:16:18+00:00,UG_WEB,1,216.150.126.114,US,0,1,Oklahoma,36.2563,-96.4222
316,2024-09-01 19:16:19+00:00,UG_WEB,2,180.242.131.107,ID,0,1,Jakarta,-6.2114,106.8446
317,2024-09-01 19:16:20+00:00,UG_WEB,2,118.179.183.161,BD,0,1,Dhaka,23.7272,90.4093
318,2024-09-01 19:16:20+00:00,UG_WEB,2,124.104.54.179,PH,0,1,Metro Manila,14.5185,121.0689
319,2024-09-01 19:16:20+00:00,UG_WEB,2,73.234.146.157,US,0,1,Massachusetts,42.2904,-71.0712
320,2024-09-01 19:16:20+00:00,UG_WEB,2,160.3.3.169,US,0,1,Idaho,43.7046,-116.3583
321,2024-09-01 19:16:20+00:00,UG_WEB,2,103.72.190.118,PH,0,1,Province of Laguna,14.1779,121.2336
322,2024-09-01 19:16:20+00:00,UG_WEB,1,49.47.143.101,IN,0,1,Manipur,24.8103,93.939
323,2024-09-01 19:16:20+00:00,UG_WEB,1,181.166.231.161,AR,0,1,Buenos Aires,-36.0,-59.9964
324,2024-09-01 19:16:20+00:00,UG_WEB,1,186.19.149.83,AR,0,1,Buenos Aires,-36.0,-59.9964
325,2024-09-01 19:16:21+00:00,UG_WEB,2,52.124.72.97,CA,0,1,Ontario,44.8951,-75.1748
326,2024-09-01 19:16:21+00:00,UG_WEB,2,134.41.103.180,CA,0,1,Nova Scotia,44.6747,-63.5094
327,2024-09-01 19:16:21+00:00,UG_WEB,1,172.226.36.26,US,0,1,California,37.1835,-121.7714
328,2024-09-01 19:16:21+00:00,UG_WEB,1,87.56.54.14,DK,0,1,Central Jutland,56.2833,9.3944
329,2024-09-01 19:16:21+00:00,UGT_ANDROID,2,85.73.224.188,GR,0,1,Nomós Voiotías,38.3197,23.3207
330,2024-09-01 19:16:21+00:00,UGT_IOS,2,172.59.196.189,US,0,1,Texas,32.7123,-96.7939
331,2024-09-01 19:16:21+00:00,UGT_IOS,2,174.198.200.9,US,0,1,New Jersey,39.8477,-75.0732
332,2024-09-01 19:16:21+00:00,UGT_ANDROID,2,94.194.240.112,GB,0,1,Cambridgeshire,52.133,0.3183
333,2024-09-01 19:16:21+00:00,UGT_ANDROID,2,41.45.53.59,EG,0,1,Cairo Governorate,30.0588,31.2268
334,2024-09-01 19:16:21+00:00,UG_WEB,2,185.115.4.225,GE,0,1,Tbilisi,41.6959,44.832
335,2024-09-01 19:16:21+00:00,UGT_IOS,2,166.198.34.60,US,0,1,California,38.4799,-121.4451
336,2024-09-01 19:16:21+00:00,UG_WEB,1,90.220.130.207,GB,0,1,Bristol,51.4351,-2.5419
337,2024-09-01 19:16:21+00:00,UGT_IOS,2,24.27.112.74,US,0,1,Texas,29.4614,-98.7468
338,2024-09-01 19:16:21+00:00,UGT_IOS,2,82.209.143.128,SE,0,1,,59.3247,18.056
339,2024-09-01 19:16:21+00:00,UGT_ANDROID,2,174.195.36.234,US,0,1,Georgia,33.8336,-84.3797
340,2024-09-01 19:16:21+00:00,UG_WEB,2,109.52.6.44,IT,0,1,,43.1479,12.1097
341,2024-09-01 19:16:21+00:00,UG_WEB,2,108.92.163.142,US,0,1,Georgia,33.9955,-84.6581
342,2024-09-01 19:16:21+00:00,UGT_ANDROID,2,79.252.106.239,DE,0,1,Rheinland-Pfalz,50.8105,7.8823
343,2024-09-01 19:16:21+00:00,UGT_IOS,2,73.142.237.66,US,0,1,New Hampshire,42.8637,-71.5132
344,2024-09-01 19:16:21+00:00,UGT_IOS,2,92.40.168.168,GB,0,1,Richmond upon Thames,51.443,-0.3295
345,2024-09-01 19:16:21+00:00,UG_WEB,2,80.189.135.170,GB,0,1,Anglesey,53.2765,-4.31
346,2024-09-01 19:16:21+00:00,UGT_ANDROID,3,177.245.199.157,MX,0,1,Jalisco,20.6381,-103.348
347,2024-09-01 19:16:21+00:00,UGT_IOS,2,98.97.21.38,US,0,1,New York,40.7123,-74.0068
348,2024-09-01 19:16:21+00:00,UGT_IOS,2,88.90.91.116,NO,0,1,Troms,69.6341,18.9745
349,2024-09-01 19:16:21+00:00,UGT_ANDROID,2,132.147.194.232,US,0,1,Missouri,39.9948,-91.7198
350,2024-09-01 19:16:21+00:00,UG_WEB,2,12.166.33.234,US,0,1,California,37.2941,-121.8996
351,2024-09-01 19:16:21+00:00,UGT_ANDROID,2,86.185.135.159,GB,0,1,Coventry,52.4064,-1.5082
352,2024-09-01 19:16:21+00:00,UG_WEB,1,178.51.234.221,BE,0,1,Brussels Capital,50.8274,4.348
353,2024-09-01 19:16:21+00:00,UG_WEB,1,213.226.245.39,CZ,0,1,Pelhřimov District,49.4457,15.2259
354,2024-09-01 19:16:21+00:00,UG_WEB,2,86.13.211.229,GB,0,1,Birmingham,52.4425,-1.9442
355,2024-09-01 19:16:21+00:00,UGT_ANDROID,2,87.63.196.40,DK,0,1,Central Jutland,56.1951,10.232
356,2024-09-01 19:16:21+00:00,UG_WEB,2,83.82.146.237,NL,0,1,Groningen,53.2141,6.5541
357,2024-09-01 19:16:21+00:00,UG_WEB,2,90.226.46.175,SE,0,1,Södermanland County,58.756,17.0095
358,2024-09-01 19:16:21+00:00,UGT_ANDROID,2,92.26.225.100,GB,0,1,Birmingham,52.4867,-1.8989
359,2024-09-01 19:16:21+00:00,UG_WEB,2,62.194.199.208,NL,0,1,Friesland,53.2106,5.8423
360,2024-09-01 19:16:21+00:00,UGT_IOS,2,213.233.155.152,IE,0,1,Leinster,53.3402,-6.2712
361,2024-09-01 19:16:21+00:00,UGT_IOS,2,85.203.205.68,DK,0,1,South Denmark,55.4692,8.4496
362,2024-09-01 19:16:21+00:00,UG_WEB,2,94.254.157.49,PL,0,1,Lesser Poland,50.0791,19.9655
363,2024-09-01 19:16:21+00:00,UG_WEB,2,74.78.44.13,US,0,1,Maine,43.6598,-70.2547
364,2024-09-01 19:16:21+00:00,UG_WEB,2,37.208.139.236,QA,0,1,Baladīyat ad Dawḩah,25.2925,51.5321
365,2024-09-01 19:16:21+00:00,UG_WEB,2,90.255.64.146,GB,0,1,Bristol,51.4535,-2.5917
366,2024-09-01 19:16:22+00:00,UG_WEB,1,166.137.147.13,US,0,1,,37.751,-97.822
367,2024-09-01 19:16:22+00:00,UGT_IOS,2,12.74.180.96,US,0,1,Tennessee,36.1671,-86.7861
368,2024-09-01 19:16:22+00:00,UG_WEB,2,199.195.150.78,CA,0,1,British Columbia,49.282,-123.1103
369,2024-09-01 19:16:22+00:00,UG_WEB,3,67.4.20.212,US,0,1,Minnesota,45.128,-93.4586
370,2024-09-01 19:16:22+00:00,UG_WEB,2,137.186.113.225,CA,0,1,Alberta,53.4593,-113.6546
371,2024-09-01 19:16:22+00:00,UG_WEB,2,12.75.77.63,US,0,1,Florida,28.5177,-81.4508
372,2024-09-01 19:16:22+00:00,UG_WEB,2,94.230.107.195,IE,0,1,County Galway,53.2689,-9.0533
373,2024-09-01 19:16:22+00:00,UG_WEB,2,184.151.190.131,CA,0,1,Ontario,43.7012,-79.3877
374,2024-09-01 19:16:22+00:00,UG_WEB,1,93.241.207.218,DE,0,1,Baden-Wurttemberg,48.7059,9.6751
375,2024-09-01 19:16:22+00:00,UGT_IOS,2,80.1.212.100,GB,0,1,Manchester,53.4467,-2.225
376,2024-09-01 19:16:22+00:00,UG_WEB,2,76.117.123.239,US,0,1,New Jersey,40.4496,-74.6566
377,2024-09-01 19:16:22+00:00,UG_WEB,1,216.147.125.127,US,0,1,Colorado,39.7388,-104.9868
378,2024-09-01 19:16:22+00:00,UG_WEB,1,75.134.227.129,US,0,1,Connecticut,41.7829,-72.3319
379,2024-09-01 19:16:22+00:00,UG_WEB,1,81.182.121.221,HU,0,1,Győr-Moson-Sopron,47.6826,17.6252
380,2024-09-01 19:16:22+00:00,UG_WEB,2,104.28.39.59,US,0,1,Pennsylvania,39.9357,-75.1832
381,2024-09-01 19:16:22+00:00,UGT_IOS,2,24.254.214.68,US,0,1,Virginia,36.8366,-76.1624
382,2024-09-01 19:16:22+00:00,UGT_IOS,3,87.52.107.202,DK,0,1,Capital Region,55.7056,12.5683
383,2024-09-01 19:16:22+00:00,UG_WEB,2,24.38.170.60,US,0,1,Rhode Island,41.6842,-71.2649
384,2024-09-01 19:16:22+00:00,UG_WEB,1,71.115.235.73,US,0,1,New York,43.0389,-76.0988
385,2024-09-01 19:16:22+00:00,UGT_IOS,2,69.59.119.86,US,0,1,Texas,32.2184,-98.2236
386,2024-09-01 19:16:22+00:00,UG_WEB,2,80.189.135.170,GB,0,1,Anglesey,53.2765,-4.31
387,2024-09-01 19:16:22+00:00,UG_WEB,2,73.77.36.133,US,0,1,Texas,29.6918,-95.6526
388,2024-09-01 19:16:22+00:00,UGT_ANDROID,3,91.179.191.141,BE,0,1,Hainaut Province,50.4856,4.1894
389,2024-09-01 19:16:22+00:00,UG_WEB,1,67.193.155.27,CA,0,1,Ontario,44.2454,-76.5813
390,2024-09-01 19:16:22+00:00,UGT_IOS,2,66.176.187.112,US,0,1,Florida,27.1415,-80.2018
391,2024-09-01 19:16:22+00:00,UGT_IOS,2,99.50.87.5,US,0,1,California,33.7046,-117.8739
392,2024-09-01 19:16:22+00:00,UGT_IOS,2,188.70.22.165,KW,0,1,Al Asimah,29.3645,47.9889
393,2024-09-01 19:16:22+00:00,UGT_IOS,2,97.83.84.194,US,0,1,Michigan,45.3576,-84.9088
394,2024-09-01 19:16:22+00:00,UG_WEB,2,72.188.21.178,US,0,1,Florida,29.0508,-81.2845
395,2024-09-01 19:16:22+00:00,UG_WEB,1,79.213.1.215,DE,0,1,Hesse,50.8203,8.7532
396,2024-09-01 19:16:22+00:00,UG_WEB,1,217.114.38.192,US,0,1,Virginia,39.018,-77.539
397,2024-09-01 19:16:22+00:00,UG_WEB,1,92.252.55.159,DE,0,1,Lower Saxony,52.2636,8.0459
398,2024-09-01 19:16:22+00:00,UG_WEB,2,50.98.215.15,CA,0,1,British Columbia,49.0307,-118.4331
399,2024-09-01 19:16:22+00:00,UG_WEB,2,109.158.28.146,GB,0,1,Buckinghamshire,51.6485,-0.7801
400,2024-09-01 19:16:22+00:00,UGT_IOS,3,136.54.15.10,US,0,1,North Carolina,35.7704,-78.6293
401,2024-09-01 19:16:22+00:00,UG_WEB,1,76.255.27.99,US,0,1,Wisconsin,43.0334,-89.4512
402,2024-09-01 19:16:22+00:00,UGT_IOS,2,128.164.171.27,US,0,1,District of Columbia,38.9009,-77.0464
403,2024-09-01 19:16:22+00:00,UGT_IOS,2,76.115.22.18,US,0,1,Washington,45.7855,-122.69
404,2024-09-01 19:16:22+00:00,UGT_ANDROID,2,86.223.252.7,FR,0,1,Pas-de-Calais,50.4141,3.0143
405,2024-09-01 19:16:22+00:00,UG_WEB,3,174.21.78.225,US,0,1,Washington,47.6137,-122.3104
406,2024-09-01 19:16:22+00:00,UG_WEB,3,72.224.59.159,US,0,1,New York,42.6552,-73.802
407,2024-09-01 19:16:22+00:00,UG_WEB,4,3.234.232.11,US,1,1,Virginia,39.0469,-77.4903
408,2024-09-01 19:16:22+00:00,UGT_ANDROID,2,77.175.17.187,NL,0,1,Zeeland,51.4909,3.629
409,2024-09-01 19:16:22+00:00,UG_WEB,4,3.234.232.69,US,1,1,Virginia,39.0469,-77.4903
410,2024-09-01 19:16:22+00:00,UGT_IOS,2,73.246.27.84,US,0,1,Illinois,41.9211,-87.7032
411,2024-09-01 19:16:23+00:00,UG_WEB,1,181.97.81.57,AR,0,1,Buenos Aires,-34.4827,-58.5182
412,2024-09-01 19:16:23+00:00,UG_WEB,1,189.60.50.97,BR,0,1,Rio de Janeiro,-22.9072,-43.1883
413,2024-09-01 19:16:24+00:00,UG_WEB,1,87.78.158.73,DE,0,1,North Rhine-Westphalia,50.8296,6.9813
414,2024-09-01 19:16:24+00:00,UGT_IOS,2,73.207.139.53,US,0,1,Georgia,34.0389,-84.3826
415,2024-09-01 19:16:24+00:00,UG_WEB,2,186.143.197.121,AR,0,1,Buenos Aires F.D.,-34.6142,-58.3811
416,2024-09-01 19:16:25+00:00,UGT_IOS,2,52.119.100.240,US,0,1,Indiana,40.4444,-86.9256
417,2024-09-01 19:16:25+00:00,UG_WEB,2,81.236.18.207,SE,0,1,Västra Götaland County,57.7065,11.967
418,2024-09-01 19:16:25+00:00,UG_WEB,2,58.104.224.58,AU,0,1,Queensland,-27.5601,151.9513
419,2024-09-01 19:16:25+00:00,UGT_IOS,2,217.231.124.162,DE,0,1,Baden-Wurttemberg,47.6712,9.1633
420,2024-09-01 19:16:25+00:00,UG_WEB,1,152.86.89.43,US,0,1,Tennessee,36.3125,-82.377
421,2024-09-01 19:16:25+00:00,UG_WEB,1,186.173.24.211,CL,0,1,Santiago Metropolitan,-33.4521,-70.6536
422,2024-09-01 19:16:25+00:00,UGT_ANDROID,2,94.234.109.70,SE,0,1,Stockholm County,59.3241,18.0517
423,2024-09-01 19:16:25+00:00,UGT_IOS,2,104.218.159.236,US,0,1,Utah,40.3942,-111.8483
424,2024-09-01 19:16:25+00:00,UG_WEB,1,2.125.58.123,GB,0,1,Hillingdon,51.5242,-0.3976
425,2024-09-01 19:16:25+00:00,UG_WEB,2,78.182.146.233,TR,0,1,Istanbul,41.03,28.9601
426,2024-09-01 19:16:25+00:00,UGT_IOS,2,132.147.156.241,US,0,1,Texas,32.7519,-97.6858
427,2024-09-01 19:16:25+00:00,UG_WEB,2,217.120.43.134,NL,0,1,Overijssel,52.2543,6.177
428,2024-09-01 19:16:25+00:00,UGT_IOS,2,167.98.114.70,GB,0,1,Swindon,51.573,-1.8556
429,2024-09-01 19:16:25+00:00,UGT_IOS,2,88.152.9.98,DE,0,1,North Rhine-Westphalia,51.9055,7.6384
430,2024-09-01 19:16:25+00:00,UG_WEB,2,24.212.101.114,CA,0,1,Quebec,48.2838,-78.8287
431,2024-09-01 19:16:25+00:00,UG_WEB,1,155.190.32.22,IE,0,1,Leinster,53.3379,-6.2591
432,2024-09-01 19:16:25+00:00,UGT_IOS,2,176.1.149.44,DE,0,1,North Rhine-Westphalia,50.9499,6.9489
433,2024-09-01 19:16:25+00:00,UG_WEB,1,217.120.204.82,NL,0,1,North Holland,52.9573,4.773
434,2024-09-01 19:16:25+00:00,UGT_ANDROID,2,172.56.221.118,US,0,1,Nevada,36.1788,-115.1715
435,2024-09-01 19:16:25+00:00,UGT_ANDROID,2,188.57.121.236,TR,0,1,Istanbul,41.03,28.9601
436,2024-09-01 19:16:25+00:00,UG_WEB,2,92.88.171.23,FR,0,1,Upper Garonne,43.6046,1.4451
437,2024-09-01 19:16:25+00:00,UG_WEB,1,176.88.126.88,TR,0,1,Kayseri,38.7483,35.5301
438,2024-09-01 19:16:25+00:00,UG_WEB,2,94.8.185.162,GB,0,1,Leeds,53.8686,-1.4439
439,2024-09-01 19:16:25+00:00,UGT_ANDROID,2,24.62.38.109,US,0,1,Massachusetts,42.5181,-70.899
440,2024-09-01 19:16:25+00:00,UGT_IOS,2,24.224.252.122,CA,0,1,Newfoundland and Labrador,48.5463,-58.5737
441,2024-09-01 19:16:25+00:00,UG_WEB,1,69.2.18.130,US,0,1,Michigan,44.6288,-86.2245
442,2024-09-01 19:16:25+00:00,UG_WEB,1,167.249.166.102,BR,0,1,São Paulo,-23.5215,-46.7873
443,2024-09-01 19:16:25+00:00,UGT_IOS,2,72.210.49.147,US,0,1,Arizona,33.5892,-111.8379
444,2024-09-01 19:16:25+00:00,UG_WEB,1,74.128.75.227,US,0,1,Kentucky,38.9924,-84.6462
445,2024-09-01 19:16:25+00:00,UGT_IOS,2,51.171.249.94,IE,0,1,Co Kildare,53.1435,-7.0693
446,2024-09-01 19:16:25+00:00,UG_WEB,1,87.78.158.73,DE,0,1,North Rhine-Westphalia,50.8296,6.9813
447,2024-09-01 19:16:25+00:00,UG_WEB,1,91.141.40.180,AT,0,1,Vienna,48.2372,16.3771
448,2024-09-01 19:16:25+00:00,UG_WEB,3,151.57.104.7,IT,0,1,,43.1479,12.1097
449,2024-09-01 19:16:25+00:00,UG_WEB,1,195.213.51.231,GB,0,1,Wiltshire,51.4752,-2.2197
450,2024-09-01 19:16:25+00:00,UGT_ANDROID,2,82.74.207.116,NL,0,1,North Holland,52.3803,4.6422
451,2024-09-01 19:16:25+00:00,UG_WEB,2,73.52.23.4,US,0,1,Pennsylvania,39.7951,-76.9794
452,2024-09-01 19:16:25+00:00,UGT_IOS,2,81.109.235.88,GB,0,1,Hackney,51.5638,-0.0765
453,2024-09-01 19:16:25+00:00,UG_WEB,1,79.91.10.208,FR,0,1,Seine-Saint-Denis,48.9097,2.4464
454,2024-09-01 19:16:25+00:00,UGT_IOS,2,174.196.205.90,US,0,1,Massachusetts,42.2506,-71.1286
455,2024-09-01 19:16:25+00:00,UG_WEB,2,220.246.129.139,HK,0,1,,22.2908,114.1501
456,2024-09-01 19:16:25+00:00,UGT_IOS,2,184.166.29.137,US,0,1,Colorado,39.0239,-108.6045
457,2024-09-01 19:16:25+00:00,UGT_ANDROID,2,92.184.117.132,FR,0,1,,48.8582,2.3387
458,2024-09-01 19:16:25+00:00,UGT_IOS,3,81.109.30.198,GB,0,1,Ards and North Down,54.657,-5.6524
459,2024-09-01 19:16:25+00:00,UGT_ANDROID,2,142.186.125.155,CA,0,1,Ontario,43.7114,-79.4462
460,2024-09-01 19:16:26+00:00,UG_WEB,2,71.75.145.110,US,0,1,North Carolina,36.1472,-80.24
461,2024-09-01 19:16:26+00:00,UGT_IOS,2,73.197.139.222,US,0,1,New Jersey,39.4826,-75.0027
462,2024-09-01 19:16:26+00:00,UGT_IOS,3,212.120.90.89,NL,0,1,North Holland,52.6614,4.8267
463,2024-09-01 19:16:26+00:00,UGT_IOS,2,108.147.2.99,US,0,1,Virginia,36.8919,-76.2325
464,2024-09-01 19:16:26+00:00,UG_WEB,2,107.115.239.23,US,0,1,Oklahoma,36.16,-95.988
465,2024-09-01 19:16:26+00:00,UGT_IOS,2,88.73.135.122,DE,0,1,North Rhine-Westphalia,50.9663,6.9564
466,2024-09-01 19:16:26+00:00,UGT_ANDROID,2,166.199.170.4,US,0,1,Georgia,33.7485,-84.3871
467,2024-09-01 19:16:26+00:00,UG_WEB,1,24.21.77.88,US,0,1,Oregon,45.5173,-122.6398
468,2024-09-01 19:16:26+00:00,UG_WEB,2,136.158.66.159,PH,0,1,Province of Laguna,14.0751,121.3289
469,2024-09-01 19:16:26+00:00,UG_WEB,1,108.27.220.80,US,0,1,New York,40.76,-73.5318
470,2024-09-01 19:16:26+00:00,UG_WEB,1,73.167.199.159,US,0,1,Massachusetts,41.5953,-70.5705
471,2024-09-01 19:16:26+00:00,UGT_IOS,2,178.40.201.5,SK,0,1,Trnava Region,48.3479,17.5583
472,2024-09-01 19:16:26+00:00,UG_WEB,1,114.10.135.101,ID,0,1,,-6.1728,106.8272
473,2024-09-01 19:16:26+00:00,UG_WEB,2,107.77.237.204,US,0,1,,37.751,-97.822
474,2024-09-01 19:16:26+00:00,UG_WEB,1,218.212.5.220,SG,0,1,,1.3602,103.6983
475,2024-09-01 19:16:26+00:00,UGT_IOS,2,100.7.118.219,US,0,1,Virginia,37.431,-77.6554
476,2024-09-01 19:16:26+00:00,UGT_IOS,2,172.58.145.102,US,0,1,Tennessee,36.0571,-86.6729
477,2024-09-01 19:16:26+00:00,UGT_IOS,2,71.176.250.111,US,0,1,Virginia,37.5635,-77.4838
478,2024-09-01 19:16:26+00:00,UG_WEB,2,223.233.82.136,IN,0,1,Maharashtra,18.6161,73.7286
479,2024-09-01 19:16:26+00:00,UG_WEB,2,149.167.177.103,AU,0,1,New South Wales,-33.8715,151.2006
480,2024-09-01 19:16:26+00:00,UG_WEB,1,49.36.10.251,IN,0,1,Maharashtra,19.0748,72.8856
481,2024-09-01 19:16:26+00:00,UG_WEB,1,192.70.253.14,US,0,1,Colorado,38.8361,-104.8148
482,2024-09-01 19:16:26+00:00,UG_WEB,1,146.255.180.25,EE,0,1,Tallinn,59.4381,24.7369
483,2024-09-01 19:16:26+00:00,UGT_IOS,3,81.152.176.69,GB,0,1,West Sussex,50.7749,-0.711
484,2024-09-01 19:16:26+00:00,UG_WEB,1,167.56.17.239,UY,0,1,Montevideo Department,-34.912,-56.2068
485,2024-09-01 19:16:26+00:00,UG_WEB,2,212.39.104.9,BA,0,1,Federation of Bosnia and Herzegovina,44.1573,17.792
486,2024-09-01 19:16:26+00:00,UG_WEB,2,172.59.81.162,US,0,1,Kentucky,38.1608,-85.7807
487,2024-09-01 19:16:26+00:00,UGT_ANDROID,3,24.156.223.154,CA,0,1,Ontario,44.1654,-77.414
488,2024-09-01 19:16:26+00:00,UG_WEB,1,179.60.77.241,CL,0,1,Santiago Metropolitan,-33.4521,-70.6536
489,2024-09-01 19:16:26+00:00,UG_WEB,2,176.131.177.146,FR,0,1,Alpes-Maritimes,43.5504,7.0131
490,2024-09-01 19:16:26+00:00,UG_WEB,1,75.23.154.218,US,0,1,Louisiana,32.7099,-92.101
491,2024-09-01 19:16:26+00:00,UG_WEB,1,89.28.163.219,RU,0,1,,55.7386,37.6068
492,2024-09-01 19:16:26+00:00,UG_WEB,2,148.252.145.196,GB,0,1,,51.4964,-0.1224
493,2024-09-01 19:16:26+00:00,UG_WEB,2,117.99.208.72,IN,0,1,Assam,26.1206,91.6523
494,2024-09-01 19:16:26+00:00,UG_WEB,1,151.63.252.45,IT,0,1,Province of Palermo,38.1302,13.329
495,2024-09-01 19:16:29+00:00,UGT_IOS,2,2.218.47.238,GB,0,1,Glasgow City,55.8309,-4.2143
496,2024-09-01 19:16:29+00:00,UGT_IOS,2,91.162.221.240,FR,0,1,Moselle,49.0969,6.1533
497,2024-09-01 19:16:29+00:00,UGT_IOS,3,86.225.119.50,FR,0,1,Ardennes,49.7685,4.7246
498,2024-09-01 19:16:29+00:00,UGT_ANDROID,2,81.82.165.221,BE,0,1,Antwerp Province,51.3224,4.9432
499,2024-09-01 19:16:29+00:00,UG_WEB,4,3.234.232.3,US,1,1,Virginia,39.0469,-77.4903
500,2024-09-01 19:16:29+00:00,UG_WEB,1,98.24.110.2,US,0,1,North Carolina,35.2416,-81.2181
501,2024-09-01 19:16:29+00:00,UG_WEB,2,24.196.175.163,US,0,1,North Carolina,35.6355,-82.5645
502,2024-09-01 19:16:29+00:00,UGT_IOS,2,97.99.95.114,US,0,1,Texas,32.9993,-96.8346
503,2024-09-01 19:16:29+00:00,UGT_IOS,2,207.89.12.235,US,0,1,Tennessee,35.0202,-84.3701
504,2024-09-01 19:16:29+00:00,UGT_IOS,2,193.203.12.173,SE,0,1,Stockholm County,59.3241,18.0517
505,2024-09-01 19:16:29+00:00,UG_WEB,1,100.0.59.129,US,0,1,Massachusetts,42.4945,-71.0715
506,2024-09-01 19:16:29+00:00,UGT_ANDROID,2,87.100.212.209,FI,0,1,North Ostrobothnia,65.013,25.4957
507,2024-09-01 19:16:29+00:00,UGT_ANDROID,2,88.227.1.223,TR,0,1,Ankara,39.9205,32.8372
508,2024-09-01 19:16:29+00:00,UG_WEB,4,37.228.240.127,IE,1,1,Leinster,53.3835,-6.1944
509,2024-09-01 19:16:29+00:00,UG_WEB,2,66.235.40.17,US,0,1,Washington,47.8978,-122.0693
510,2024-09-01 19:16:29+00:00,UG_WEB,2,98.110.40.29,US,0,1,New Jersey,39.9484,-74.9875
511,2024-09-01 19:16:29+00:00,UGT_ANDROID,2,184.151.246.134,CA,0,1,Manitoba,49.9716,-97.1515
512,2024-09-01 19:16:29+00:00,UG_WEB,4,3.234.232.106,US,1,1,Virginia,39.0469,-77.4903
513,2024-09-01 19:16:29+00:00,UG_WEB,1,70.63.216.26,US,0,1,North Carolina,34.2243,-77.8849
514,2024-09-01 19:16:29+00:00,UG_WEB,1,189.223.119.151,MX,0,1,Baja California,32.4041,-116.8198
515,2024-09-01 19:16:29+00:00,UG_WEB,1,204.48.94.248,CA,0,1,Quebec,45.5878,-73.6073
516,2024-09-01 19:16:29+00:00,UG_WEB,2,81.131.143.52,GB,0,1,Norfolk,52.6261,1.3034
517,2024-09-01 19:16:29+00:00,UGT_ANDROID,2,170.203.201.68,CA,0,1,British Columbia,49.2476,-123.1234
518,2024-09-01 19:16:29+00:00,UG_WEB,1,90.231.115.208,SE,0,1,Västra Götaland County,57.6442,11.9332
519,2024-09-01 19:16:29+00:00,UG_WEB,1,77.99.250.6,GB,0,1,Wiltshire,51.3188,-2.2034
520,2024-09-01 19:16:29+00:00,UGT_IOS,2,129.59.122.31,US,0,1,Tennessee,36.1515,-86.792
521,2024-09-01 19:16:29+00:00,UGT_IOS,2,143.55.59.230,US,0,1,Texas,32.7519,-97.6858
522,2024-09-01 19:16:29+00:00,UGT_ANDROID,2,88.182.200.146,FR,0,1,Rhône,45.748,4.85
523,2024-09-01 19:16:29+00:00,UG_WEB,2,174.224.139.245,US,0,1,Oklahoma,36.0293,-95.9343
524,2024-09-01 19:16:29+00:00,UG_WEB,2,174.225.237.154,US,0,1,Tennessee,36.1671,-86.7861
525,2024-09-01 19:16:29+00:00,UG_WEB,1,67.169.148.205,US,0,1,California,38.0389,-122.5871
526,2024-09-01 19:16:29+00:00,UG_WEB,1,169.150.218.7,NL,0,1,North Holland,52.3759,4.8975
527,2024-09-01 19:16:30+00:00,UG_WEB,2,110.227.201.250,IN,0,1,Maharashtra,19.0748,72.8856
528,2024-09-01 19:16:30+00:00,UG_WEB,2,31.51.65.209,GB,0,1,Birmingham,52.532,-1.815
529,2024-09-01 19:16:30+00:00,UG_WEB,1,51.36.93.110,SA,0,1,Mecca Region,21.4849,39.192
530,2024-09-01 19:16:30+00:00,UGT_IOS,2,31.13.188.202,ES,0,1,Madrid,40.4327,-3.621
531,2024-09-01 19:16:30+00:00,UG_WEB,2,89.201.184.243,HR,0,1,Varaždin County,46.3058,16.3383
532,2024-09-01 19:16:30+00:00,UG_WEB,2,104.28.40.139,GB,0,1,Enfield,51.6449,-0.043
533,2024-09-01 19:16:30+00:00,UG_WEB,2,172.56.152.111,US,0,1,Idaho,43.5784,-116.2179
534,2024-09-01 19:16:30+00:00,UGT_IOS,3,86.133.85.148,GB,0,1,Kent,51.141,0.8238
535,2024-09-01 19:16:30+00:00,UG_WEB,2,37.60.76.181,GB,0,1,Hampshire,51.2476,-0.7672
536,2024-09-01 19:16:30+00:00,UG_WEB,2,168.235.203.248,CA,0,1,,43.6319,-79.3716
537,2024-09-01 19:16:30+00:00,UG_WEB,1,178.155.148.217,DK,0,1,Capital Region,56.0322,12.5828
538,2024-09-01 19:16:30+00:00,UG_WEB,1,181.25.59.147,AR,0,1,Buenos Aires,-36.0,-59.9964
539,2024-09-01 19:16:30+00:00,UG_WEB,2,174.203.134.54,US,0,1,Pennsylvania,39.9544,-75.1657
540,2024-09-01 19:16:30+00:00,UGT_ANDROID,2,86.142.47.60,GB,0,1,Kent,51.1274,1.2925
541,2024-09-01 19:16:30+00:00,UG_WEB,1,72.38.13.96,CA,0,1,Ontario,43.1053,-79.1411
542,2024-09-01 19:16:30+00:00,UGT_IOS,2,24.57.198.208,CA,0,1,Ontario,42.3296,-82.9427
543,2024-09-01 19:16:30+00:00,UGT_IOS,2,46.138.76.6,RU,0,1,Moscow,55.7483,37.6171
544,2024-09-01 19:16:30+00:00,UG_WEB,1,174.112.1.30,CA,0,1,Ontario,45.2722,-75.7522
545,2024-09-01 19:16:30+00:00,UG_WEB,1,108.30.161.161,US,0,1,New York,41.1171,-74.0685
546,2024-09-01 19:16:30+00:00,UGT_IOS,2,173.215.32.131,US,0,1,Iowa,42.076,-90.68
547,2024-09-01 19:16:30+00:00,UGT_ANDROID,2,216.147.124.97,US,0,1,Colorado,39.7388,-104.9868
548,2024-09-01 19:16:30+00:00,UG_WEB,2,12.74.55.118,US,0,1,North Carolina,35.2296,-80.843
549,2024-09-01 19:16:30+00:00,UG_WEB,1,27.33.132.116,AU,0,1,Victoria,-37.8129,145.068
550,2024-09-01 19:16:30+00:00,UG_WEB,1,96.51.144.42,CA,0,1,Alberta,51.0927,-114.2017
551,2024-09-01 19:16:30+00:00,UG_WEB,1,93.208.138.47,DE,0,1,Baden-Wurttemberg,47.9819,7.7909
552,2024-09-01 19:16:30+00:00,UGT_IOS,2,35.150.244.44,US,0,1,Georgia,33.9332,-83.3536
553,2024-09-01 19:16:30+00:00,UGT_IOS,2,91.207.175.58,US,0,1,California,34.0726,-118.261
554,2024-09-01 19:16:30+00:00,UGT_ANDROID,3,172.59.221.30,US,0,1,North Carolina,35.2296,-80.843
555,2024-09-01 19:16:30+00:00,UG_WEB,1,204.48.94.248,CA,0,1,Quebec,45.5878,-73.6073
556,2024-09-01 19:16:30+00:00,UG_WEB,1,5.173.35.62,PL,0,1,Lesser Poland,50.089,19.9212
557,2024-09-01 19:16:30+00:00,UG_WEB,1,149.22.154.170,GB,0,1,Richmond upon Thames,51.4353,-0.3096
558,2024-09-01 19:16:30+00:00,UGT_IOS,2,69.43.35.200,US,0,1,West Virginia,39.2918,-80.3526
559,2024-09-01 19:16:30+00:00,UGT_IOS,2,46.199.45.100,CY,0,1,Limassol District,34.6874,33.0366
560,2024-09-01 19:16:30+00:00,UG_WEB,1,174.81.63.27,US,0,1,California,34.4994,-117.2936
561,2024-09-01 19:16:30+00:00,UGT_IOS,2,89.208.131.140,IL,0,1,Central District,32.1133,34.9824
562,2024-09-01 19:16:30+00:00,UG_WEB,2,73.142.166.186,US,0,1,Massachusetts,42.6219,-70.6762
563,2024-09-01 19:16:30+00:00,UG_WEB,1,174.0.14.142,CA,0,1,Alberta,51.0207,-114.1011
564,2024-09-01 19:16:30+00:00,UG_WEB,2,93.130.142.9,DE,0,1,Hesse,49.5443,8.5782
565,2024-09-01 19:16:30+00:00,UG_WEB,1,197.3.183.247,TN,0,1,Sfax Governorate,34.741,10.7648
566,2024-09-01 19:16:30+00:00,UGT_IOS,2,50.38.18.161,US,0,1,Oregon,45.3102,-122.967
567,2024-09-01 19:16:30+00:00,UG_WEB,2,78.243.97.3,FR,0,1,,48.8582,2.3387
568,2024-09-01 19:16:30+00:00,UG_WEB,2,73.240.146.238,US,0,1,Oregon,44.9947,-123.0147
569,2024-09-01 19:16:30+00:00,UG_WEB,2,149.241.75.18,GB,0,1,Belfast,54.5396,-5.975
570,2024-09-01 19:16:31+00:00,UG_WEB,1,114.122.13.56,ID,0,1,North Sumatra,3.5847,98.6629
571,2024-09-01 19:16:31+00:00,UG_WEB,1,193.203.12.137,SE,0,1,Stockholm County,59.3241,18.0517
572,2024-09-01 19:16:31+00:00,UG_IOS,2,12.74.211.85,US,0,1,Utah,40.7592,-111.8875
573,2024-09-01 19:16:31+00:00,UG_WEB,2,89.205.136.144,NL,0,1,North Holland,52.3534,4.9087
574,2024-09-01 19:16:31+00:00,UG_WEB,2,223.25.19.132,PH,0,1,Quezon,13.9301,121.6202
575,2024-09-01 19:16:32+00:00,UG_WEB,1,112.206.71.67,PH,0,1,Metro Manila,14.425,121.0196
576,2024-09-01 19:16:33+00:00,UG_WEB,2,206.84.228.234,IN,0,1,Maharashtra,19.0748,72.8856
577,2024-09-01 19:16:35+00:00,UG_WEB,2,188.132.145.232,TR,0,1,İzmir Province,38.4767,27.0991
578,2024-09-01 19:16:35+00:00,UG_WEB,1,136.55.249.124,US,0,1,Georgia,33.7697,-84.3754
579,2024-09-01 19:16:35+00:00,UGT_ANDROID,2,141.226.89.30,IL,0,1,Tel Aviv,32.0803,34.7805
580,2024-09-01 19:16:35+00:00,UG_WEB,2,185.136.198.101,CZ,0,1,Okres Jihlava,49.2915,15.4853
581,2024-09-01 19:16:35+00:00,UG_WEB,1,216.232.177.105,CA,0,1,British Columbia,49.2635,-122.9331
582,2024-09-01 19:16:35+00:00,UG_WEB,1,176.150.171.223,FR,0,1,Loire-Atlantique,47.2145,-1.5512
583,2024-09-01 19:16:35+00:00,UG_WEB,2,89.205.135.187,NL,0,1,North Holland,52.3534,4.9087
584,2024-09-01 19:16:35+00:00,UG_WEB,2,98.49.54.73,US,0,1,Pennsylvania,39.9534,-76.7942
585,2024-09-01 19:16:35+00:00,UGT_IOS,2,174.231.50.231,US,0,1,New York,43.1036,-76.1291
586,2024-09-01 19:16:35+00:00,UG_WEB,2,46.223.149.224,DE,0,1,Baden-Wurttemberg,48.8924,9.1876
587,2024-09-01 19:16:35+00:00,UG_WEB,1,98.46.236.226,US,0,1,Illinois,41.5185,-87.9558
588,2024-09-01 19:16:35+00:00,UGT_IOS,3,151.68.41.167,IT,0,1,Milan,45.4722,9.1922
589,2024-09-01 19:16:35+00:00,UG_WEB,2,75.74.67.26,US,0,1,Florida,25.7267,-80.4496
590,2024-09-01 19:16:35+00:00,UG_WEB,2,84.210.7.46,NO,0,1,Østfold,59.2183,10.9569
591,2024-09-01 19:16:35+00:00,UG_WEB,1,82.218.250.151,AT,0,1,Lower Austria,48.3123,16.6571
592,2024-09-01 19:16:35+00:00,UG_WEB,2,174.228.226.222,US,0,1,Delaware,39.6089,-75.6749
593,2024-09-01 19:16:35+00:00,UG_WEB,2,91.234.246.66,PL,0,1,Świętokrzyskie,50.8685,20.6236
594,2024-09-01 19:16:35+00:00,UG_WEB,1,80.115.245.193,NL,0,1,Limburg,51.3722,6.1662
595,2024-09-01 19:16:35+00:00,UGT_IOS,2,94.246.5.100,NO,0,1,Trøndelag,63.7499,11.2973
596,2024-09-01 19:16:35+00:00,UG_WEB,1,159.146.120.193,TR,0,1,Samsun,41.2477,36.2395
597,2024-09-01 19:16:35+00:00,UG_WEB,1,97.71.146.67,US,0,1,Florida,28.5436,-81.3738
598,2024-09-01 19:16:35+00:00,UG_WEB,2,37.33.221.229,FI,0,1,Uusimaa,60.1797,24.9344
599,2024-09-01 19:16:35+00:00,UG_WEB,1,75.158.168.156,CA,0,1,Alberta,51.0455,-114.1988
600,2024-09-01 19:16:35+00:00,UG_WEB,2,104.28.48.168,US,0,1,Oklahoma,35.4662,-97.5168
601,2024-09-01 19:16:35+00:00,UG_WEB,2,57.134.136.47,CA,0,1,Ontario,42.3317,-81.9926
602,2024-09-01 19:16:35+00:00,UG_WEB,3,73.118.251.230,US,0,1,Washington,47.6733,-122.3426
603,2024-09-01 19:16:35+00:00,UGT_IOS,2,78.210.158.213,IT,0,1,Milan,45.4722,9.1922
604,2024-09-01 19:16:35+00:00,UG_WEB,2,75.172.95.159,US,0,1,Washington,47.6733,-122.3426
605,2024-09-01 19:16:35+00:00,UG_WEB,1,80.139.123.19,DE,0,1,Hesse,51.318,9.4971
606,2024-09-01 19:16:36+00:00,UGT_IOS,2,174.61.226.122,US,0,1,Washington,47.7229,-122.1961
607,2024-09-01 19:16:36+00:00,UG_WEB,3,107.77.205.187,US,0,1,Maryland,39.2909,-76.6096
608,2024-09-01 19:16:36+00:00,UG_WEB,4,3.234.232.102,US,1,1,Virginia,39.0469,-77.4903
609,2024-09-01 19:16:36+00:00,UG_WEB,2,24.17.208.138,US,0,1,Washington,47.6733,-122.3426
610,2024-09-01 19:16:36+00:00,UGT_IOS,2,47.54.33.144,CA,0,1,Nova Scotia,44.6643,-63.6002
611,2024-09-01 19:16:36+00:00,UG_WEB,2,80.111.67.221,IE,0,1,County Cork,51.8755,-8.493
612,2024-09-01 19:16:36+00:00,UG_WEB,1,75.159.12.211,CA,0,1,Alberta,50.9266,-113.9726
613,2024-09-01 19:16:36+00:00,UG_WEB,1,87.146.197.33,DE,0,1,Bavaria,47.7187,10.2896
614,2024-09-01 19:16:36+00:00,UG_WEB,2,78.19.99.78,IE,0,1,Limerick,52.6669,-8.6274
615,2024-09-01 19:16:36+00:00,UGT_IOS,2,2.218.168.216,GB,0,1,Cheshire,53.2402,-2.9088
616,2024-09-01 19:16:36+00:00,UG_WEB,2,84.65.147.215,GB,0,1,Borough of Bury,53.5972,-2.3013
617,2024-09-01 19:16:36+00:00,UG_WEB,1,94.210.59.176,NL,0,1,South Holland,52.1613,4.505
618,2024-09-01 19:16:36+00:00,UG_WEB,1,81.100.101.44,GB,0,1,Rhondda Cynon Taf,51.6211,-3.3704
619,2024-09-01 19:16:36+00:00,UGT_IOS,2,92.40.193.136,GB,0,1,Glasgow City,55.867,-4.2621
620,2024-09-01 19:16:36+00:00,UG_WEB,1,91.43.145.87,DE,0,1,Bavaria,48.2735,12.1632
621,2024-09-01 19:16:36+00:00,UG_WEB,4,3.234.232.13,US,1,1,Virginia,39.0469,-77.4903
622,2024-09-01 19:16:36+00:00,UG_WEB,4,3.234.232.14,US,1,1,Virginia,39.0469,-77.4903
623,2024-09-01 19:16:36+00:00,UGT_IOS,2,174.211.37.14,US,0,1,Michigan,42.2886,-83.4641
624,2024-09-01 19:16:36+00:00,UG_WEB,2,174.208.45.254,US,0,1,New York,42.9074,-78.8197
625,2024-09-01 19:16:36+00:00,UG_WEB,1,78.198.149.86,FR,0,1,Paris,48.8323,2.4075
626,2024-09-01 19:16:36+00:00,UG_WEB,1,91.207.96.170,RU,0,1,,55.7386,37.6068
627,2024-09-01 19:16:36+00:00,UG_WEB,2,92.25.46.124,GB,0,1,Brent,51.5591,-0.2283
628,2024-09-01 19:16:36+00:00,UGT_IOS,2,73.8.108.204,US,0,1,Indiana,41.5983,-86.7026
629,2024-09-01 19:16:36+00:00,UGT_ANDROID,2,37.14.58.152,ES,0,1,Valencia,39.4923,-0.4046
630,2024-09-01 19:16:36+00:00,UGT_ANDROID,2,90.238.84.64,SE,0,1,Skåne County,55.936,13.5374
631,2024-09-01 19:16:36+00:00,UG_WEB,1,66.68.44.57,US,0,1,Texas,30.3773,-97.71
632,2024-09-01 19:16:36+00:00,UG_WEB,2,70.113.36.11,US,0,1,Texas,30.4548,-97.7664
633,2024-09-01 19:16:36+00:00,UGT_IOS,2,76.7.213.26,US,0,1,Missouri,37.1661,-93.2458
634,2024-09-01 19:16:36+00:00,UG_WEB,1,195.252.220.59,US,0,1,Indiana,40.3348,-86.8831
635,2024-09-01 19:16:36+00:00,UGT_ANDROID,2,82.1.172.200,GB,0,1,Hartlepool,54.6401,-1.2336
636,2024-09-01 19:16:36+00:00,UG_WEB,1,64.203.186.107,US,0,1,Virginia,37.386,-79.2191
637,2024-09-01 19:16:36+00:00,UG_WEB,2,2.196.84.27,IT,0,1,Milan,45.5585,9.2177
638,2024-09-01 19:16:36+00:00,UG_WEB,2,101.56.175.99,IT,0,1,Province of Palermo,38.1302,13.329
639,2024-09-01 19:16:36+00:00,UG_WEB,2,100.2.112.193,US,0,1,New York,40.7584,-73.7973
640,2024-09-01 19:16:36+00:00,UGT_IOS,2,140.213.118.142,ID,0,1,Lampung,-5.4291,105.2615
641,2024-09-01 19:16:37+00:00,UG_WEB,1,75.143.12.110,US,0,1,Alabama,32.9144,-85.941
642,2024-09-01 19:16:37+00:00,UGT_ANDROID,2,78.208.174.224,IT,0,1,Milan,45.4722,9.1922
643,2024-09-01 19:16:37+00:00,UGT_IOS,2,107.116.253.29,US,0,1,Michigan,42.4652,-83.3713
644,2024-09-01 19:16:37+00:00,UG_WEB,2,70.71.240.27,CA,0,1,British Columbia,49.1906,-122.9344
645,2024-09-01 19:16:37+00:00,UG_WEB,2,98.209.206.112,US,0,1,Michigan,42.6411,-83.045
646,2024-09-01 19:16:37+00:00,UG_WEB,2,82.132.219.101,GB,0,1,,51.4964,-0.1224
647,2024-09-01 19:16:40+00:00,UG_WEB,1,36.71.246.10,ID,0,1,West Java,-6.9217,107.6071
648,2024-09-01 19:16:41+00:00,UG_WEB,2,176.152.9.0,FR,0,1,Gironde,44.9312,-0.1255
649,2024-09-01 19:16:41+00:00,UG_WEB,2,107.223.139.145,US,0,1,Oklahoma,35.6679,-97.4795
650,2024-09-01 19:16:41+00:00,UGT_ANDROID,2,37.228.225.121,IE,0,1,Leinster,53.3053,-6.2672
651,2024-09-01 19:16:41+00:00,UG_WEB,2,212.104.229.137,LK,0,1,Colombo District,6.92,79.8772
652,2024-09-01 19:16:41+00:00,UGT_IOS,2,67.163.8.72,US,0,1,Illinois,41.9228,-88.0756
653,2024-09-01 19:16:41+00:00,UGT_ANDROID,2,93.86.165.64,RS,0,1,Belgrade,44.8046,20.4637
654,2024-09-01 19:16:41+00:00,UG_WEB,2,106.221.212.198,IN,0,1,Maharashtra,18.6161,73.7286
655,2024-09-01 19:16:41+00:00,UG_WEB,2,160.3.72.232,US,0,1,Oklahoma,34.5077,-97.9393
656,2024-09-01 19:16:41+00:00,UG_WEB,2,129.222.194.123,CA,0,1,Ontario,43.6547,-79.3623
657,2024-09-01 19:16:41+00:00,UGT_IOS,3,174.194.3.226,US,0,1,Indiana,39.8655,-86.122
658,2024-09-01 19:16:41+00:00,UGT_IOS,3,199.180.105.162,US,0,1,Kentucky,38.4935,-84.8103
659,2024-09-01 19:16:41+00:00,UG_WEB,1,31.111.84.89,GB,0,1,Stoke-on-Trent,52.9875,-2.1803
660,2024-09-01 19:16:41+00:00,UG_WEB,2,172.59.25.47,US,0,1,Ohio,41.4453,-81.6991
661,2024-09-01 19:16:41+00:00,UG_WEB,2,90.62.144.115,FR,0,1,Doubs,47.2455,6.0209
662,2024-09-01 19:16:41+00:00,UGT_ANDROID,2,23.147.176.145,US,0,1,Nebraska,41.0211,-98.9036
663,2024-09-01 19:16:41+00:00,UGT_ANDROID,2,149.40.50.121,US,0,1,,37.751,-97.822
664,2024-09-01 19:16:41+00:00,UG_WEB,2,107.15.213.34,US,0,1,North Carolina,35.8047,-78.8881
665,2024-09-01 19:16:41+00:00,UGT_IOS,2,75.158.68.205,CA,0,1,Alberta,51.126,-114.1437
666,2024-09-01 19:16:41+00:00,UGT_IOS,2,151.226.118.73,GB,0,1,Blackpool,53.8094,-3.0007
667,2024-09-01 19:16:41+00:00,UG_WEB,2,87.49.45.166,DK,0,1,Capital Region,55.6802,12.5892
668,2024-09-01 19:16:41+00:00,UGT_IOS,2,137.184.193.17,US,0,1,New Jersey,40.793,-74.0247
669,2024-09-01 19:16:41+00:00,UGT_IOS,2,90.207.155.205,GB,0,1,Leicester,52.6407,-1.1354
670,2024-09-01 19:16:41+00:00,UG_WEB,1,84.62.103.82,DE,0,1,Lower Saxony,52.3692,9.6914
671,2024-09-01 19:16:41+00:00,UGT_IOS,2,109.231.80.141,CA,0,1,Quebec,45.6676,-72.342
672,2024-09-01 19:16:41+00:00,UG_WEB,2,189.217.3.76,MX,0,1,Mexico City,19.4354,-99.1427
673,2024-09-01 19:16:41+00:00,UG_WEB,1,75.142.89.78,US,0,1,Washington,46.3773,-120.3327
674,2024-09-01 19:16:41+00:00,UG_WEB,1,27.147.190.162,BD,0,1,Khulna,22.8376,89.5416
675,2024-09-01 19:16:41+00:00,UG_WEB,1,216.30.181.21,US,0,1,Virginia,38.0321,-78.489
676,2024-09-01 19:16:41+00:00,UGT_IOS,3,23.239.50.96,CA,0,1,Quebec,45.7826,-75.1024
677,2024-09-01 19:16:41+00:00,UG_WEB,2,89.244.81.69,DE,0,1,Hesse,50.3665,8.7394
678,2024-09-01 19:16:41+00:00,UG_WEB,1,79.215.190.95,DE,0,1,Bavaria,49.5488,11.0087
679,2024-09-01 19:16:41+00:00,UG_WEB,1,199.8.23.110,US,0,1,Indiana,40.5366,-85.6579
680,2024-09-01 19:16:41+00:00,UGT_IOS,2,73.94.8.95,US,0,1,Minnesota,44.9985,-93.3029
681,2024-09-01 19:16:41+00:00,UG_WEB,1,86.16.114.26,GB,0,1,Staffordshire,53.0169,-2.2369
682,2024-09-01 19:16:42+00:00,UGT_ANDROID,2,78.45.140.81,CZ,0,1,Město Brno,49.2105,16.5693
683,2024-09-01 19:16:42+00:00,UG_WEB,2,83.253.23.205,SE,0,1,Skåne County,55.6078,12.9982
684,2024-09-01 19:16:42+00:00,UG_WEB,2,131.226.100.166,PH,0,1,Metro Manila,14.5967,120.9792
685,2024-09-01 19:16:42+00:00,UG_WEB,2,32.220.240.43,US,0,1,Connecticut,41.3136,-72.9272
686,2024-09-01 19:16:42+00:00,UGT_IOS,2,94.234.108.209,SE,0,1,Stockholm County,59.3241,18.0517
687,2024-09-01 19:16:42+00:00,UGT_IOS,2,91.20.170.29,DE,0,1,Hesse,50.5116,8.2797
688,2024-09-01 19:16:42+00:00,UGT_IOS,2,86.167.51.38,GB,0,1,West Dunbartonshire,55.9135,-4.4084
689,2024-09-01 19:16:42+00:00,UG_WEB,2,84.227.36.139,CH,0,1,Bern,47.0424,7.5378
690,2024-09-01 19:16:42+00:00,UG_WEB,2,76.144.223.12,US,0,1,Oregon,45.3642,-122.6443
691,2024-09-01 19:16:42+00:00,UG_WEB,3,64.18.126.86,US,0,1,Georgia,34.9213,-85.1486
692,2024-09-01 19:16:42+00:00,UGT_IOS,2,76.130.156.227,US,0,1,Colorado,39.8294,-104.9095
693,2024-09-01 19:16:42+00:00,UG_WEB,2,184.155.171.76,US,0,1,Idaho,43.5862,-116.5873
694,2024-09-01 19:16:42+00:00,UG_WEB,1,117.227.1.100,IN,0,1,West Bengal,22.518,88.3832
695,2024-09-01 19:16:42+00:00,UGT_IOS,2,24.114.101.157,CA,0,1,Quebec,45.5191,-73.6852
696,2024-09-01 19:16:42+00:00,UGT_ANDROID,2,174.218.125.250,US,0,1,California,34.1211,-117.4362
697,2024-09-01 19:16:42+00:00,UGT_IOS,2,172.56.90.108,US,0,1,Texas,29.5359,-98.4943
698,2024-09-01 19:16:42+00:00,UG_WEB,2,103.216.177.215,IN,0,1,National Capital Territory of Delhi,28.6542,77.2373
699,2024-09-01 19:16:42+00:00,UGT_IOS,2,108.147.2.124,US,0,1,Virginia,36.8919,-76.2325
700,2024-09-01 19:16:42+00:00,UG_WEB,1,91.123.218.158,PL,0,1,Silesia,50.1591,18.7809
701,2024-09-01 19:16:42+00:00,UG_WEB,2,24.49.43.230,US,0,1,Maryland,39.6343,-77.7337
702,2024-09-01 19:16:42+00:00,UGT_IOS,2,73.145.41.21,US,0,1,Michigan,42.2532,-84.3877
703,2024-09-01 19:16:42+00:00,UG_WEB,2,173.207.76.128,US,0,1,Tennessee,36.0428,-89.3916
704,2024-09-01 19:16:42+00:00,UG_WEB,2,84.115.221.230,AT,0,1,Vienna,48.2155,16.3075
705,2024-09-01 19:16:42+00:00,UG_WEB,1,64.188.168.62,US,0,1,Minnesota,47.0387,-91.6822
706,2024-09-01 19:16:42+00:00,UG_WEB,1,147.235.197.0,IL,0,1,Jerusalem,31.7674,35.2186
707,2024-09-01 19:16:42+00:00,UG_WEB,2,104.60.173.28,US,0,1,Georgia,34.0344,-84.6002
708,2024-09-01 19:16:42+00:00,UG_WEB,1,80.6.115.172,GB,0,1,Nottingham,52.9292,-1.1065
709,2024-09-01 19:16:42+00:00,UGT_IOS,3,23.239.50.96,CA,0,1,Quebec,45.7826,-75.1024
710,2024-09-01 19:16:42+00:00,UGT_IOS,2,100.33.120.100,US,0,1,New York,40.6952,-73.6596
711,2024-09-01 19:16:42+00:00,UG_WEB,2,93.204.230.89,DE,0,1,Lower Saxony,52.3357,9.7215
712,2024-09-01 19:16:42+00:00,UG_WEB,1,5.186.210.94,DK,0,1,South Denmark,55.3742,10.4538
713,2024-09-01 19:16:42+00:00,UG_WEB,2,72.143.206.220,CA,0,1,Ontario,43.6882,-79.4539
714,2024-09-01 19:16:42+00:00,UG_WEB,2,5.184.215.199,PL,0,1,Silesia,50.3542,18.9197
715,2024-09-01 19:16:43+00:00,UG_WEB,1,89.144.198.32,AT,0,1,Vienna,48.1982,16.3917
716,2024-09-01 19:16:43+00:00,UGT_ANDROID,2,62.45.138.141,NL,0,1,North Holland,52.2455,4.8256
717,2024-09-01 19:16:43+00:00,UGT_ANDROID,2,181.170.253.154,AR,0,1,Buenos Aires,-34.5768,-60.947
718,2024-09-01 19:16:43+00:00,UG_WEB,2,31.94.70.238,GB,0,1,Southwark,51.5026,-0.066
719,2024-09-01 19:16:43+00:00,UG_WEB,2,86.142.253.235,GB,0,1,Bath and North East Somerset,51.2279,-2.5261
720,2024-09-01 19:16:43+00:00,UGT_IOS,2,174.246.194.198,US,0,1,Texas,32.7797,-96.8022
721,2024-09-01 19:16:43+00:00,UGT_ANDROID,2,194.158.87.77,AD,0,1,Andorra la Vella,42.5055,1.5243
722,2024-09-01 19:16:43+00:00,UG_WEB,1,49.37.116.42,IN,0,1,Odisha,20.2706,85.8334
723,2024-09-01 19:16:43+00:00,UG_WEB,1,161.142.152.36,MY,0,1,Selangor,3.0999,101.5965
724,2024-09-01 19:16:45+00:00,UG_WEB,1,23.148.208.40,US,0,1,Texas,31.8378,-106.538
725,2024-09-01 19:16:45+00:00,UG_ANDROID,3,180.150.38.102,AU,0,1,Victoria,-37.8743,145.154
726,2024-09-01 19:16:45+00:00,UG_WEB,2,142.127.26.54,CA,0,1,Quebec,45.5329,-73.5565
727,2024-09-01 19:16:45+00:00,UG_WEB,2,157.40.100.255,IN,0,1,West Bengal,22.518,88.3832
728,2024-09-01 19:16:45+00:00,UG_WEB,1,46.135.27.40,CZ,0,1,Prague,50.0883,14.4124
729,2024-09-01 19:16:45+00:00,UGT_IOS,2,82.2.101.135,GB,0,1,Lewisham,51.4858,-0.0206
730,2024-09-01 19:16:45+00:00,UG_WEB,1,104.28.31.9,DK,0,1,Capital Region,55.6802,12.5892
731,2024-09-01 19:16:45+00:00,UGT_IOS,3,107.77.199.136,US,0,1,Ohio,39.9587,-82.9987
732,2024-09-01 19:16:45+00:00,UG_WEB,2,77.77.223.166,BA,0,1,Sarajevo Canton,43.8453,18.3592
733,2024-09-01 19:16:45+00:00,UGT_IOS,2,199.15.216.71,US,0,1,Washington,46.4413,-122.8261
734,2024-09-01 19:16:45+00:00,UG_WEB,2,176.59.12.52,RU,0,1,St.-Petersburg,59.9417,30.3096
735,2024-09-01 19:16:45+00:00,UG_WEB,1,172.59.217.68,US,0,1,North Carolina,35.2296,-80.843
736,2024-09-01 19:16:45+00:00,UG_WEB,3,109.9.45.86,FR,0,1,North,50.624,3.0511
737,2024-09-01 19:16:45+00:00,UGT_IOS,2,109.42.176.60,DE,0,1,North Rhine-Westphalia,51.2674,6.7442
738,2024-09-01 19:16:45+00:00,UG_WEB,2,104.28.92.155,US,0,1,Georgia,33.7485,-84.3871
739,2024-09-01 19:16:45+00:00,UG_WEB,2,131.239.69.129,US,0,1,New York,43.0304,-76.138
740,2024-09-01 19:16:45+00:00,UGT_IOS,2,68.205.155.41,US,0,1,Florida,28.5727,-80.8206
741,2024-09-01 19:16:45+00:00,UGT_ANDROID,2,77.168.112.124,NL,0,1,Utrecht,52.1884,5.3752
742,2024-09-01 19:16:45+00:00,UGT_ANDROID,2,37.167.244.80,FR,0,1,,48.8582,2.3387
743,2024-09-01 19:16:45+00:00,UG_WEB,1,24.40.179.210,DE,0,1,Land Berlin,52.4619,13.538
744,2024-09-01 19:16:45+00:00,UG_WEB,1,190.5.37.196,CL,0,1,Región del Biobío,-36.8335,-73.0487
745,2024-09-01 19:16:45+00:00,UGT_IOS,2,47.220.197.68,US,0,1,Texas,30.3052,-95.4552
746,2024-09-01 19:16:45+00:00,UG_WEB,1,72.193.5.185,US,0,1,Nevada,36.2038,-115.2255
747,2024-09-01 19:16:45+00:00,UG_WEB,2,46.65.80.99,GB,0,1,Peterborough,52.5852,-0.236
748,2024-09-01 19:16:45+00:00,UG_WEB,1,2.103.108.59,GB,0,1,Oxfordshire,51.7377,-1.2054
749,2024-09-01 19:16:45+00:00,UGT_IOS,2,188.63.170.180,CH,0,1,Lucerne,47.0511,8.3056
750,2024-09-01 19:16:45+00:00,UG_WEB,2,107.77.223.48,US,0,1,Texas,29.7502,-95.471
751,2024-09-01 19:16:45+00:00,UG_WEB,2,88.122.183.247,FR,0,1,Pas-de-Calais,50.4887,2.7379
752,2024-09-01 19:16:45+00:00,UGT_ANDROID,2,89.153.231.60,PT,0,1,Porto,41.2087,-8.3365
753,2024-09-01 19:16:46+00:00,UG_WEB,2,194.36.105.74,ES,0,1,Alicante,38.0845,-0.9612
754,2024-09-01 19:16:46+00:00,UG_WEB,1,73.16.21.224,US,0,1,Massachusetts,42.3498,-71.0765
755,2024-09-01 19:16:46+00:00,UGT_IOS,2,23.244.159.112,US,0,1,Virginia,38.1081,-76.7823
756,2024-09-01 19:16:46+00:00,UG_WEB,2,206.192.248.62,US,0,1,Oregon,44.7505,-123.0116
757,2024-09-01 19:16:46+00:00,UGT_ANDROID,2,68.129.141.242,US,0,1,New York,41.1893,-74.0432
758,2024-09-01 19:16:46+00:00,UG_WEB,2,67.163.81.72,US,0,1,Utah,40.65,-112.0061
759,2024-09-01 19:16:46+00:00,UG_WEB,1,107.191.2.2,US,0,1,Utah,40.495,-111.4102
760,2024-09-01 19:16:46+00:00,UGT_IOS,3,79.217.118.22,DE,0,1,North Rhine-Westphalia,51.4978,7.4698
761,2024-09-01 19:16:46+00:00,UG_WEB,1,188.6.234.65,HU,0,1,Budapest,47.5636,19.0947
762,2024-09-01 19:16:46+00:00,UG_WEB,2,81.207.4.68,NL,0,1,North Holland,52.3474,4.9284
763,2024-09-01 19:16:46+00:00,UG_WEB,1,76.224.22.79,US,0,1,California,37.5625,-122.0004
764,2024-09-01 19:16:46+00:00,UG_WEB,1,89.149.68.249,MD,0,1,Chișinău Municipality,47.0042,28.8574
765,2024-09-01 19:16:46+00:00,UG_WEB,2,202.8.114.241,IN,0,1,West Bengal,22.518,88.3832
766,2024-09-01 19:16:46+00:00,UGT_IOS,2,77.85.120.253,BG,0,1,Blagoevgrad,41.4,23.222
767,2024-09-01 19:16:46+00:00,UG_WEB,2,172.56.34.139,US,0,1,New York,40.6764,-73.8753
768,2024-09-01 19:16:46+00:00,UGT_IOS,2,109.152.12.0,GB,0,1,Hertfordshire,51.7617,-0.1056
769,2024-09-01 19:16:46+00:00,UGT_ANDROID,2,77.63.23.156,NL,0,1,Utrecht,52.1216,5.1045
770,2024-09-01 19:16:46+00:00,UGT_ANDROID,2,86.1.8.79,GB,0,1,Kirklees,53.5954,-1.6047
771,2024-09-01 19:16:46+00:00,UGT_IOS,2,104.183.84.143,US,0,1,California,33.8225,-118.3103
772,2024-09-01 19:16:46+00:00,UG_WEB,2,166.199.134.76,US,0,1,Florida,28.6344,-81.6221
773,2024-09-01 19:16:46+00:00,UG_WEB,2,118.211.162.149,AU,0,1,New South Wales,-33.8582,151.127
774,2024-09-01 19:16:46+00:00,UG_WEB,2,174.225.49.135,US,0,1,Virginia,37.3053,-79.9252
775,2024-09-01 19:16:46+00:00,UGT_ANDROID,2,172.56.12.176,US,0,1,Minnesota,44.9985,-93.3029
776,2024-09-01 19:16:46+00:00,UGT_IOS,3,151.95.231.138,IT,0,1,Venice,45.3984,12.4849
777,2024-09-01 19:16:46+00:00,UG_WEB,1,24.168.51.107,US,0,1,New York,41.9145,-73.8935
778,2024-09-01 19:16:46+00:00,UG_WEB,1,76.37.86.152,US,0,1,New York,43.1061,-75.2336
779,2024-09-01 19:16:46+00:00,UGT_ANDROID,2,89.14.183.16,DE,0,1,Land Berlin,52.5353,13.4245
780,2024-09-01 19:16:46+00:00,UG_WEB,2,104.203.162.85,US,0,1,Florida,27.257,-80.4687
781,2024-09-01 19:16:46+00:00,UG_WEB,1,149.22.197.203,GB,0,1,Ealing,51.5166,-0.3425
782,2024-09-01 19:16:46+00:00,UG_WEB,2,151.36.207.254,IT,0,1,Milan,45.4722,9.1922
783,2024-09-01 19:16:46+00:00,UGT_IOS,3,107.116.89.116,US,0,1,California,38.5347,-121.4442
784,2024-09-01 19:16:46+00:00,UG_WEB,2,129.222.44.48,US,0,1,Minnesota,44.9834,-93.2622
785,2024-09-01 19:16:46+00:00,UG_WEB,2,172.58.8.227,US,0,1,Minnesota,44.9834,-93.2622
786,2024-09-01 19:16:46+00:00,UG_WEB,1,172.58.124.110,US,0,1,Michigan,42.4248,-83.1951
787,2024-09-01 19:16:46+00:00,UG_WEB,2,80.167.213.236,DK,0,1,Capital Region,55.9375,12.2966
788,2024-09-01 19:16:47+00:00,UG_WEB,3,86.140.220.161,GB,0,1,Leicestershire,52.755,-1.1491
789,2024-09-01 19:16:47+00:00,UG_WEB,1,192.24.183.114,US,0,1,Kentucky,39.0705,-84.516
790,2024-09-01 19:16:47+00:00,UGT_IOS,2,57.138.237.156,US,0,1,Oklahoma,34.3416,-96.1384
791,2024-09-01 19:16:47+00:00,UG_WEB,2,83.137.6.171,DK,0,1,Capital Region,55.6802,12.5892
792,2024-09-01 19:16:47+00:00,UG_WEB,2,77.63.93.164,NL,0,1,North Holland,52.3182,4.951
793,2024-09-01 19:16:47+00:00,UGT_IOS,2,172.56.72.28,US,0,1,Florida,28.5788,-81.4396
794,2024-09-01 19:16:47+00:00,UG_WEB,2,104.28.60.70,IL,0,1,Tel Aviv,32.0803,34.7805
795,2024-09-01 19:16:47+00:00,UGT_ANDROID,2,216.114.110.80,US,0,1,Illinois,38.3186,-90.1607
796,2024-09-01 19:16:47+00:00,UGT_IOS,2,207.189.202.50,SE,0,1,Jönköping,57.7963,14.1376
797,2024-09-01 19:16:47+00:00,UGT_IOS,2,130.18.104.82,US,0,1,Mississippi,33.4474,-88.8205
798,2024-09-01 19:16:47+00:00,UG_WEB,2,46.193.1.26,FR,0,1,Seine-Maritime,49.4652,1.0929
799,2024-09-01 19:16:47+00:00,UGT_ANDROID,2,86.1.8.79,GB,0,1,Kirklees,53.5954,-1.6047
800,2024-09-01 19:16:47+00:00,UG_WEB,2,190.100.159.58,CL,0,1,Santiago Metropolitan,-33.5901,-70.6956
801,2024-09-01 19:16:47+00:00,UG_WEB,2,76.183.42.180,US,0,1,Texas,32.7123,-96.7939
802,2024-09-01 19:16:47+00:00,UGT_IOS,2,86.147.229.15,GB,0,1,Gloucestershire,52.0319,-2.072
803,2024-09-01 19:16:47+00:00,UG_WEB,2,96.52.77.35,CA,0,1,Alberta,53.6334,-113.5239
804,2024-09-01 19:16:48+00:00,UG_WEB,2,189.126.230.62,BR,0,1,Minas Gerais,-22.2537,-46.3764
805,2024-09-01 19:16:50+00:00,UG_WEB,1,112.203.71.146,PH,0,1,Metro Manila,14.6431,121.0357
806,2024-09-01 19:16:50+00:00,UG_WEB,1,182.3.139.98,ID,0,1,East Kalimantan,-0.4931,117.1495
807,2024-09-01 19:16:52+00:00,UG_WEB,1,49.146.61.68,PH,0,1,Province of South Cotabato,6.4262,124.7811
808,2024-09-01 19:16:52+00:00,UG_WEB,2,110.138.92.247,ID,0,1,Jakarta,-6.2114,106.8446
809,2024-09-01 19:16:52+00:00,UG_WEB,2,49.47.131.209,IN,0,1,Bihar,25.5908,85.1348
810,2024-09-01 19:16:52+00:00,UG_WEB,2,66.96.225.169,ID,0,1,Jakarta,-6.2114,106.8446
811,2024-09-01 19:16:53+00:00,UGT_ANDROID,2,66.60.36.229,AR,0,1,Buenos Aires,-34.4932,-58.5805
812,2024-09-01 19:16:53+00:00,UGT_IOS,3,207.153.52.54,US,0,1,Minnesota,44.9402,-93.2188
813,2024-09-01 19:16:53+00:00,UG_WEB,2,75.201.100.241,US,0,1,Florida,25.9436,-80.2264
814,2024-09-01 19:16:53+00:00,UGT_IOS,2,24.59.202.125,US,0,1,New York,43.4759,-75.341
815,2024-09-01 19:16:53+00:00,UG_WEB,2,172.59.1.14,US,0,1,New Mexico,35.0373,-106.6712
816,2024-09-01 19:16:53+00:00,UG_WEB,2,66.245.234.212,CA,0,1,Quebec,45.9507,-73.8548
817,2024-09-01 19:16:53+00:00,UG_WEB,2,146.247.34.197,RU,0,1,Kostroma Oblast,57.7686,40.9352
818,2024-09-01 19:16:53+00:00,UGT_ANDROID,2,23.180.192.172,US,0,1,Utah,37.6771,-113.062
819,2024-09-01 19:16:53+00:00,UG_WEB,2,67.115.39.45,US,0,1,South Carolina,32.7863,-80.1055
820,2024-09-01 19:16:53+00:00,UG_WEB,1,109.99.91.18,RO,0,1,București,44.4152,26.166
821,2024-09-01 19:16:53+00:00,UG_WEB,2,80.187.102.46,DE,0,1,Hesse,50.121,8.747
822,2024-09-01 19:16:53+00:00,UG_WEB,2,47.11.65.243,IN,0,1,West Bengal,22.518,88.3832
823,2024-09-01 19:16:53+00:00,UG_WEB,1,86.25.109.141,GB,0,1,Hammersmith and Fulham,51.5043,-0.2211
824,2024-09-01 19:16:53+00:00,UGT_IOS,2,66.173.126.69,US,0,1,Wisconsin,43.103,-89.5073
825,2024-09-01 19:16:53+00:00,UG_WEB,2,109.78.184.104,IE,0,1,Leinster,53.323,-6.3159
826,2024-09-01 19:16:53+00:00,UG_WEB,1,104.28.48.2,CA,0,1,British Columbia,49.1689,-123.1442
827,2024-09-01 19:16:53+00:00,UGT_ANDROID,2,37.109.167.253,PL,0,1,Greater Poland,52.4211,16.9599
828,2024-09-01 19:16:53+00:00,UG_WEB,2,110.54.153.221,PH,0,1,Province of Tarlac,15.4805,120.6002
829,2024-09-01 19:16:53+00:00,UG_WEB,1,213.197.22.48,NL,0,1,Flevoland,52.3309,5.5377
830,2024-09-01 19:16:53+00:00,UG_WEB,2,73.235.37.122,US,0,1,California,37.0617,-120.8632
831,2024-09-01 19:16:53+00:00,UG_WEB,2,212.129.36.247,FR,0,1,,48.8582,2.3387
832,2024-09-01 19:16:54+00:00,UG_WEB,1,84.71.161.182,GB,0,1,Brent,51.5591,-0.2283
833,2024-09-01 19:16:54+00:00,UG_WEB,2,109.243.69.102,PL,0,1,Mazovia,52.2396,21.0057
834,2024-09-01 19:16:54+00:00,UGT_ANDROID,2,149.50.170.215,GB,0,1,Mid and East Antrim,54.8609,-6.2819
835,2024-09-01 19:16:54+00:00,UG_WEB,2,77.100.112.82,GB,0,1,North Lanarkshire,55.762,-3.913
836,2024-09-01 19:16:54+00:00,UGT_IOS,2,12.75.117.47,US,0,1,Oregon,45.5411,-122.5605
837,2024-09-01 19:16:54+00:00,UG_WEB,1,47.184.115.61,US,0,1,Texas,33.238,-97.1134
838,2024-09-01 19:16:54+00:00,UG_WEB,2,74.113.40.104,US,0,1,Ohio,39.5435,-83.4574
839,2024-09-01 19:16:54+00:00,UG_WEB,1,89.247.11.81,DE,0,1,Baden-Wurttemberg,47.6178,7.6531
840,2024-09-01 19:16:54+00:00,UG_WEB,1,37.65.19.126,FR,0,1,Sarthe,48.0014,0.1901
841,2024-09-01 19:16:54+00:00,UGT_IOS,2,86.10.48.252,GB,0,1,Southampton,50.9158,-1.3601
842,2024-09-01 19:16:54+00:00,UG_WEB,2,200.63.42.38,MX,0,1,,19.4342,-99.0559
843,2024-09-01 19:16:54+00:00,UGT_IOS,2,109.223.115.37,FR,0,1,Finistère,48.3699,-4.3657
844,2024-09-01 19:16:54+00:00,UG_WEB,1,98.149.174.39,US,0,1,California,34.0758,-118.3764
845,2024-09-01 19:16:54+00:00,UGT_IOS,2,96.54.214.77,CA,0,1,British Columbia,49.6861,-124.9286
846,2024-09-01 19:16:54+00:00,UGT_IOS,2,99.98.14.85,US,0,1,Florida,26.5991,-80.1284
847,2024-09-01 19:16:54+00:00,UG_WEB,1,90.25.227.67,FR,0,1,Seine-et-Marne,48.9579,2.8794
848,2024-09-01 19:16:54+00:00,UG_WEB,1,79.146.37.225,ES,0,1,Ciudad Real,38.9839,-3.9249
849,2024-09-01 19:16:54+00:00,UG_WEB,2,213.134.165.19,PL,0,1,Mazovia,52.2297,21.0064
850,2024-09-01 19:16:54+00:00,UG_WEB,2,174.251.164.128,US,0,1,California,34.0264,-117.936
851,2024-09-01 19:16:54+00:00,UG_WEB,1,73.22.30.254,US,0,1,Illinois,40.1016,-88.2822
852,2024-09-01 19:16:54+00:00,UG_WEB,2,80.6.99.102,GB,0,1,Derbyshire,53.2558,-1.4292
853,2024-09-01 19:16:54+00:00,UG_WEB,1,177.240.101.159,MX,0,1,Puebla,19.0631,-98.2217
854,2024-09-01 19:16:54+00:00,UG_WEB,1,76.32.233.3,US,0,1,California,34.1867,-118.3878
855,2024-09-01 19:16:54+00:00,UG_WEB,2,172.56.196.56,US,0,1,Massachusetts,42.3611,-71.0518
856,2024-09-01 19:16:54+00:00,UG_WEB,2,70.64.86.152,CA,0,1,Saskatchewan,52.1119,-106.7297
857,2024-09-01 19:16:54+00:00,UG_WEB,2,213.202.160.242,IE,0,1,County Wicklow,53.1422,-6.0569
858,2024-09-01 19:16:54+00:00,UGT_IOS,2,2.126.223.154,GB,0,1,Medway,51.3295,0.578
859,2024-09-01 19:16:54+00:00,UGT_IOS,2,69.120.174.253,US,0,1,New York,40.6462,-73.9559
860,2024-09-01 19:16:54+00:00,UG_WEB,2,24.36.1.4,CA,0,1,Ontario,43.2783,-79.8344
861,2024-09-01 19:16:54+00:00,UGT_ANDROID,2,81.241.13.33,BE,0,1,Antwerp Province,51.2192,4.3917
862,2024-09-01 19:16:54+00:00,UG_WEB,3,78.17.138.142,IE,0,1,Leinster,53.3924,-6.3054
863,2024-09-01 19:16:54+00:00,UG_WEB,2,100.35.226.169,US,0,1,New Jersey,40.7053,-74.0866
864,2024-09-01 19:16:54+00:00,UGT_IOS,2,2.222.22.52,GB,0,1,Wigan,53.5332,-2.6117
865,2024-09-01 19:16:54+00:00,UG_WEB,1,2.202.101.191,DE,0,1,Bavaria,49.5985,10.9718
866,2024-09-01 19:16:54+00:00,UG_WEB,1,86.141.198.246,GB,0,1,North East Lincolnshire,53.6623,-0.2834
867,2024-09-01 19:16:54+00:00,UG_WEB,2,66.31.154.112,US,0,1,Vermont,43.0361,-72.5078
868,2024-09-01 19:16:54+00:00,UG_WEB,2,160.242.109.121,NA,0,1,Khomas Region,-22.5562,17.0759
869,2024-09-01 19:16:54+00:00,UGT_IOS,2,174.103.220.199,US,0,1,Wisconsin,44.4371,-88.0795
870,2024-09-01 19:16:54+00:00,UG_WEB,2,172.56.81.244,US,0,1,Arizona,33.508,-112.0995
871,2024-09-01 19:16:54+00:00,UGT_IOS,2,38.40.56.112,US,0,1,Georgia,33.0367,-84.1402
872,2024-09-01 19:16:54+00:00,UG_WEB,1,86.163.74.19,GB,0,1,Mid and East Antrim,54.8673,-6.498
873,2024-09-01 19:16:54+00:00,UG_WEB,2,102.90.42.178,NG,0,1,Rivers State,4.7731,7.0085
874,2024-09-01 19:16:54+00:00,UG_WEB,1,173.214.150.32,US,0,1,Georgia,30.8794,-84.2056
875,2024-09-01 19:16:54+00:00,UG_WEB,2,69.5.143.1,US,0,1,Iowa,41.6062,-93.6889
876,2024-09-01 19:16:54+00:00,UGT_IOS,2,38.85.153.210,US,0,1,Florida,30.1547,-81.6292
877,2024-09-01 19:16:54+00:00,UGT_IOS,2,98.183.86.191,US,0,1,Louisiana,30.3608,-91.0917
878,2024-09-01 19:16:54+00:00,UG_WEB,2,104.28.31.63,SE,0,1,Stockholm County,59.3241,18.0517
879,2024-09-01 19:16:54+00:00,UGT_ANDROID,2,2.125.88.15,GB,0,1,Belfast,54.5753,-5.9962
880,2024-09-01 19:16:54+00:00,UG_WEB,2,46.1.62.193,TR,0,1,Konya,37.9275,32.4206
881,2024-09-01 19:16:54+00:00,UGT_IOS,2,172.56.114.236,US,0,1,Rhode Island,41.8233,-71.441
882,2024-09-01 19:16:54+00:00,UG_WEB,1,86.99.202.184,AE,0,1,Ajman,25.441,55.532
883,2024-09-01 19:16:55+00:00,UGT_IOS,2,129.222.252.169,US,0,1,Georgia,33.7485,-84.3871
884,2024-09-01 19:16:55+00:00,UGT_IOS,2,174.203.131.39,US,0,1,Pennsylvania,39.9544,-75.1657
885,2024-09-01 19:16:55+00:00,UG_WEB,1,184.175.28.67,CA,0,1,Ontario,43.6547,-79.3623
886,2024-09-01 19:16:55+00:00,UG_WEB,2,15.223.119.13,CA,0,1,Quebec,45.5075,-73.5887
887,2024-09-01 19:16:55+00:00,UG_WEB,1,99.249.207.208,CA,0,1,Ontario,44.4799,-80.2168
888,2024-09-01 19:16:55+00:00,UG_WEB,2,70.27.30.25,CA,0,1,Ontario,43.6456,-79.4569
889,2024-09-01 19:16:55+00:00,UG_WEB,1,104.9.138.237,US,0,1,Alabama,30.5012,-87.8795
890,2024-09-01 19:16:55+00:00,UGT_IOS,2,176.83.5.83,ES,0,1,Catalonia,41.3949,2.1756
891,2024-09-01 19:16:55+00:00,UG_WEB,2,70.75.107.144,CA,0,1,Alberta,50.7358,-113.9659
892,2024-09-01 19:16:55+00:00,UG_WEB,2,86.168.252.71,GB,0,1,Bedford,52.1111,-0.4561
893,2024-09-01 19:16:55+00:00,UG_WEB,2,78.98.76.170,SK,0,1,Banská Bystrica Region,48.7065,19.0874
894,2024-09-01 19:16:55+00:00,UG_WEB,1,93.198.134.172,DE,0,1,Baden-Wurttemberg,47.98,7.8185
895,2024-09-01 19:16:55+00:00,UG_WEB,3,172.125.53.128,US,0,1,South Carolina,32.7147,-79.9526
896,2024-09-01 19:16:55+00:00,UGT_ANDROID,2,176.3.18.46,DE,0,1,Hesse,50.0971,8.5952
897,2024-09-01 19:16:55+00:00,UG_WEB,1,189.162.192.129,MX,0,1,Guanajuato,21.1254,-101.6197
898,2024-09-01 19:16:56+00:00,UG_WEB,2,103.3.220.20,ID,0,1,Jakarta,-6.2114,106.8446
899,2024-09-01 19:16:56+00:00,UG_WEB,1,14.139.211.230,IN,0,1,West Bengal,22.518,88.3832
900,2024-09-01 19:16:56+00:00,UG_WEB,2,49.37.39.247,IN,0,1,West Bengal,22.518,88.3832
901,2024-09-01 19:16:57+00:00,UG_WEB,2,206.55.104.235,US,0,1,Alaska,61.5883,-149.3959
902,2024-09-01 19:16:57+00:00,UGT_ANDROID,2,80.6.99.102,GB,0,1,Derbyshire,53.2558,-1.4292
903,2024-09-01 19:16:57+00:00,UG_WEB,2,12.74.212.119,US,0,1,North Carolina,35.2296,-80.843
904,2024-09-01 19:16:57+00:00,UG_WEB,1,2.54.186.203,IL,0,1,Central District,32.1033,34.8879
905,2024-09-01 19:16:57+00:00,UG_WEB,2,117.99.219.90,IN,0,1,Assam,26.1206,91.6523
906,2024-09-01 19:16:57+00:00,UGT_IOS,2,80.233.50.35,IE,0,1,Leinster,53.3297,-6.2708
907,2024-09-01 19:16:57+00:00,UG_WEB,1,50.5.57.237,US,0,1,Ohio,39.2487,-84.3457
908,2024-09-01 19:16:57+00:00,UG_WEB,1,109.81.167.58,CZ,0,1,Prague,50.0687,14.3947
909,2024-09-01 19:16:57+00:00,UG_WEB,2,86.41.62.208,IE,0,1,Co Kerry,51.8788,-9.5722
910,2024-09-01 19:16:57+00:00,UG_WEB,2,181.55.70.3,CO,0,1,Tolima Department,4.4337,-75.2374
911,2024-09-01 19:16:57+00:00,UG_WEB,1,149.88.103.54,JP,0,1,Tokyo,35.6893,139.6899
912,2024-09-01 19:16:57+00:00,UG_WEB,2,192.230.188.22,US,0,1,North Carolina,35.7319,-81.7091
913,2024-09-01 19:16:57+00:00,UG_WEB,1,88.171.46.144,FR,0,1,Hauts-de-Seine,48.7949,2.2937
914,2024-09-01 19:16:57+00:00,UG_WEB,1,78.58.23.228,LT,0,1,Kaunas,54.9038,23.8924
915,2024-09-01 19:16:57+00:00,UG_WEB,2,86.2.40.225,GB,0,1,Torfaen County Borough,51.651,-3.0147
916,2024-09-01 19:16:57+00:00,UG_WEB,2,116.206.36.33,ID,0,1,West Java,-6.5945,106.789
917,2024-09-01 19:16:58+00:00,UG_WEB,1,35.149.44.5,US,0,1,California,34.066,-117.8928
918,2024-09-01 19:16:58+00:00,UG_WEB,1,94.5.185.166,GB,0,1,Hammersmith and Fulham,51.477,-0.1959
919,2024-09-01 19:16:58+00:00,UGT_IOS,2,98.151.218.255,US,0,1,Hawaii,19.654,-155.9773
920,2024-09-01 19:16:58+00:00,UGT_ANDROID,2,178.139.233.228,ES,0,1,Balearic Islands,39.5347,2.7001
921,2024-09-01 19:16:58+00:00,UGT_ANDROID,2,5.65.113.45,GB,0,1,Hackney,51.5597,-0.0528
922,2024-09-01 19:16:58+00:00,UGT_IOS,2,188.88.244.155,NL,0,1,South Holland,52.1485,4.4844
923,2024-09-01 19:16:58+00:00,UGT_ANDROID,2,172.89.51.159,US,0,1,California,33.8744,-117.8565
924,2024-09-01 19:16:58+00:00,UG_WEB,2,72.185.254.145,US,0,1,Florida,27.9482,-82.5036
925,2024-09-01 19:16:58+00:00,UGT_ANDROID,2,196.200.150.221,MA,0,1,Fes,34.0508,-5.0099
926,2024-09-01 19:16:58+00:00,UGT_ANDROID,2,91.170.72.70,FR,0,1,Seine-Saint-Denis,48.9275,2.3623
927,2024-09-01 19:16:58+00:00,UG_WEB,3,73.232.193.123,US,0,1,Texas,29.5799,-95.6085
928,2024-09-01 19:16:58+00:00,UG_WEB,1,174.7.160.50,CA,0,1,British Columbia,49.2958,-123.141
929,2024-09-01 19:16:58+00:00,UG_WEB,2,84.140.155.38,DE,0,1,Land Berlin,52.4941,13.4272
930,2024-09-01 19:16:58+00:00,UGT_IOS,3,92.40.173.54,GB,0,1,Richmond upon Thames,51.443,-0.3295
931,2024-09-01 19:16:58+00:00,UGT_ANDROID,3,86.179.182.116,GB,0,1,Stoke-on-Trent,52.9817,-2.1377
932,2024-09-01 19:16:58+00:00,UG_WEB,1,24.180.220.144,US,0,1,Michigan,45.013,-84.6719
933,2024-09-01 19:16:58+00:00,UGT_IOS,2,76.138.97.101,US,0,1,Tennessee,35.0875,-89.7639
934,2024-09-01 19:16:58+00:00,UG_WEB,2,201.188.144.127,CL,0,1,Santiago Metropolitan,-33.4521,-70.6536
935,2024-09-01 19:16:58+00:00,UG_WEB,3,91.248.155.216,DE,0,1,Lower Saxony,53.6856,9.167
936,2024-09-01 19:16:58+00:00,UG_WEB,2,156.205.10.211,EG,0,1,Cairo Governorate,30.0588,31.2268
937,2024-09-01 19:16:58+00:00,UGT_IOS,2,85.184.176.213,DK,0,1,Central Jutland,56.1977,10.1146
938,2024-09-01 19:16:58+00:00,UG_WEB,1,72.196.232.252,US,0,1,Virginia,38.7591,-77.0924
939,2024-09-01 19:16:58+00:00,UG_WEB,1,47.200.202.203,US,0,1,Florida,27.9455,-82.4598
940,2024-09-01 19:16:58+00:00,UGT_IOS,2,45.18.72.131,US,0,1,Texas,30.2393,-95.5409
941,2024-09-01 19:16:58+00:00,UG_WEB,1,84.66.143.242,GB,0,1,Leeds,53.7448,-1.4537
942,2024-09-01 19:16:58+00:00,UGT_ANDROID,2,87.116.132.13,RS,0,1,Belgrade,44.8046,20.4637
943,2024-09-01 19:16:58+00:00,UG_WEB,1,134.48.162.184,US,0,1,Wisconsin,43.0421,-87.936
944,2024-09-01 19:16:58+00:00,UG_WEB,1,90.100.225.138,FR,0,1,Yonne,48.1994,3.276
945,2024-09-01 19:16:58+00:00,UGT_IOS,2,12.39.87.82,US,0,1,Ohio,39.9625,-83.0061
946,2024-09-01 19:16:58+00:00,UGT_IOS,2,174.201.150.41,US,0,1,Alabama,33.5226,-86.8033
947,2024-09-01 19:16:58+00:00,UGT_ANDROID,2,176.200.161.254,IT,0,1,Province of Parma,44.799,10.3234
948,2024-09-01 19:16:58+00:00,UGT_IOS,3,129.222.193.64,CA,0,1,Ontario,43.6547,-79.3623
949,2024-09-01 19:16:58+00:00,UG_WEB,1,98.180.212.76,US,0,1,Arkansas,36.317,-94.1568
950,2024-09-01 19:16:58+00:00,UGT_ANDROID,2,176.254.231.154,GB,0,1,Leicester,52.6181,-1.1804
951,2024-09-01 19:16:58+00:00,UGT_ANDROID,2,76.167.228.70,US,0,1,California,32.7794,-117.1366
952,2024-09-01 19:16:58+00:00,UG_WEB,1,136.62.192.97,US,0,1,Texas,30.2304,-97.7243
953,2024-09-01 19:16:58+00:00,UGT_ANDROID,2,176.7.156.62,DE,0,1,Baden-Wurttemberg,48.9751,8.4456
954,2024-09-01 19:16:58+00:00,UGT_ANDROID,2,174.203.249.248,US,0,1,North Carolina,35.2296,-80.843
955,2024-09-01 19:16:58+00:00,UGT_IOS,2,109.193.225.124,DE,0,1,Hesse,50.3388,8.7511
956,2024-09-01 19:16:59+00:00,UG_WEB,2,74.141.68.56,US,0,1,Pennsylvania,41.9216,-79.658
957,2024-09-01 19:16:59+00:00,UG_WEB,1,27.34.31.151,NP,0,1,Lumbini Province,27.4402,83.8044
958,2024-09-01 19:16:59+00:00,UG_WEB,1,109.129.171.128,BE,0,1,Brussels Capital,50.8534,4.347
959,2024-09-01 19:16:59+00:00,UGT_IOS,2,76.91.57.252,US,0,1,California,33.9924,-118.3991
960,2024-09-01 19:16:59+00:00,UG_WEB,1,193.203.12.134,SE,0,1,Stockholm County,59.3241,18.0517
961,2024-09-01 19:16:59+00:00,UG_WEB,1,196.247.161.246,GB,0,1,England,51.5088,-0.093
962,2024-09-01 19:16:59+00:00,UG_WEB,1,100.11.15.249,US,0,1,Pennsylvania,40.0271,-75.3291
963,2024-09-01 19:16:59+00:00,UGT_IOS,2,32.143.234.58,US,0,1,Texas,33.556,-97.8328
964,2024-09-01 19:16:59+00:00,UGT_IOS,2,107.77.209.37,US,0,1,Missouri,38.5774,-90.6709
965,2024-09-01 19:16:59+00:00,UG_WEB,2,77.219.6.246,LV,0,1,Rīga,56.9496,24.0978
966,2024-09-01 19:16:59+00:00,UGT_ANDROID,2,172.89.51.159,US,0,1,California,33.8744,-117.8565
967,2024-09-01 19:16:59+00:00,UGT_IOS,2,47.196.152.179,US,0,1,Florida,28.0791,-82.5245
968,2024-09-01 19:16:59+00:00,UG_WEB,2,85.174.192.116,RU,0,1,Krasnodar Krai,45.0355,38.975
