,datetime,source,platform,ip_address,country,is_bot,user_cnt
0,2024-09-01 19:16:04+00:00,UGT_IOS,2,212.129.80.226,IE,0,1
1,2024-09-01 19:16:04+00:00,UGT_IOS,2,84.170.115.119,DE,0,1
2,2024-09-01 19:16:04+00:00,UGT_IOS,2,173.66.22.234,US,0,1
3,2024-09-01 19:16:04+00:00,UG_WEB,1,77.241.136.41,DK,0,1
4,2024-09-01 19:16:04+00:00,UGT_IOS,3,79.247.136.33,DE,0,1
5,2024-09-01 19:16:04+00:00,UG_WEB,1,87.95.228.68,FI,0,1
6,2024-09-01 19:16:04+00:00,UG_WEB,2,172.248.112.248,US,0,1
7,2024-09-01 19:16:04+00:00,UG_WEB,2,82.40.136.147,GB,0,1
8,2024-09-01 19:16:04+00:00,UGT_IOS,2,104.205.174.177,CA,0,1
9,2024-09-01 19:16:04+00:00,UGT_IOS,2,185.140.246.1,CZ,0,1
10,2024-09-01 19:16:04+00:00,UGT_IOS,2,98.52.250.34,US,0,1
11,2024-09-01 19:16:04+00:00,UGT_ANDROID,2,73.184.174.26,US,0,1
12,2024-09-01 19:16:04+00:00,UG_WEB,2,173.247.143.250,CA,0,1
13,2024-09-01 19:16:04+00:00,UGT_ANDROID,2,89.245.21.128,DE,0,1
14,2024-09-01 19:16:04+00:00,UG_WEB,1,93.86.181.108,RS,0,1
15,2024-09-01 19:16:04+00:00,UG_WEB,2,189.174.51.230,MX,0,1
16,2024-09-01 19:16:04+00:00,UG_WEB,1,108.234.130.70,US,0,1
17,2024-09-01 19:16:04+00:00,UGT_IOS,2,38.121.43.172,US,0,1
18,2024-09-01 19:16:04+00:00,UGT_ANDROID,2,24.70.113.128,CA,0,1
19,2024-09-01 19:16:04+00:00,UG_WEB,3,169.155.235.43,ES,0,1
20,2024-09-01 19:16:04+00:00,UG_WEB,2,27.252.215.89,NZ,0,1
21,2024-09-01 19:16:04+00:00,UG_WEB,2,70.26.108.141,CA,0,1
22,2024-09-01 19:16:05+00:00,UG_WEB,1,181.164.7.68,AR,0,1
23,2024-09-01 19:16:06+00:00,UG_WEB,1,179.63.54.17,AR,0,1
24,2024-09-01 19:16:10+00:00,UG_WEB,1,74.56.44.28,CA,0,1
25,2024-09-01 19:16:10+00:00,UGT_IOS,2,174.216.180.217,US,0,1
26,2024-09-01 19:16:10+00:00,UG_WEB,1,109.178.161.225,GR,0,1
27,2024-09-01 19:16:10+00:00,UG_WEB,1,5.103.215.197,DK,0,1
28,2024-09-01 19:16:10+00:00,UGT_IOS,2,51.174.16.21,NO,0,1
29,2024-09-01 19:16:10+00:00,UG_WEB,3,93.238.138.36,DE,0,1
30,2024-09-01 19:16:10+00:00,UG_WEB,1,78.129.12.232,BE,0,1
31,2024-09-01 19:16:10+00:00,UGT_IOS,2,185.172.52.21,US,0,1
32,2024-09-01 19:16:10+00:00,UG_WEB,1,37.163.251.153,IT,0,1
33,2024-09-01 19:16:10+00:00,UGT_ANDROID,2,66.68.65.183,US,0,1
34,2024-09-01 19:16:11+00:00,UG_WEB,1,51.155.228.37,GB,0,1
35,2024-09-01 19:16:11+00:00,UG_WEB,1,31.183.148.5,PL,0,1
36,2024-09-01 19:16:11+00:00,UG_WEB,2,174.234.1.145,US,0,1
37,2024-09-01 19:16:11+00:00,UG_WEB,2,113.210.59.163,MY,0,1
38,2024-09-01 19:16:11+00:00,UGT_IOS,2,86.21.229.152,GB,0,1
39,2024-09-01 19:16:11+00:00,UGT_ANDROID,2,172.59.212.186,US,0,1
40,2024-09-01 19:16:11+00:00,UG_WEB,1,46.212.245.29,NO,0,1
41,2024-09-01 19:16:11+00:00,UG_WEB,2,158.140.179.138,ID,0,1
42,2024-09-01 19:16:11+00:00,UGT_IOS,2,49.224.215.19,NZ,0,1
43,2024-09-01 19:16:11+00:00,UGT_IOS,1,45.174.179.1,AR,0,1
44,2024-09-01 19:16:11+00:00,UG_WEB,2,151.57.119.144,IT,0,1
45,2024-09-01 19:16:11+00:00,UGT_IOS,2,170.250.1.135,US,0,1
46,2024-09-01 19:16:11+00:00,UG_WEB,2,129.81.255.168,US,0,1
47,2024-09-01 19:16:11+00:00,UG_WEB,1,165.23.241.55,US,0,1
48,2024-09-01 19:16:11+00:00,UG_WEB,1,176.195.158.241,RU,0,1
49,2024-09-01 19:16:11+00:00,UGT_ANDROID,2,107.77.203.80,US,0,1
50,2024-09-01 19:16:11+00:00,UG_WEB,1,176.104.21.234,UA,0,1
51,2024-09-01 19:16:11+00:00,UGT_ANDROID,2,172.58.50.228,US,0,1
52,2024-09-01 19:16:11+00:00,UGT_ANDROID,2,151.15.69.207,IT,0,1
53,2024-09-01 19:16:11+00:00,UG_WEB,2,46.138.76.6,RU,0,1
54,2024-09-01 19:16:11+00:00,UGT_IOS,2,82.16.129.125,GB,0,1
55,2024-09-01 19:16:11+00:00,UG_WEB,1,24.90.158.91,US,0,1
56,2024-09-01 19:16:11+00:00,UG_WEB,2,104.49.242.53,US,0,1
57,2024-09-01 19:16:11+00:00,UG_WEB,1,86.44.176.254,IE,0,1
58,2024-09-01 19:16:11+00:00,UGT_ANDROID,2,216.209.225.20,CA,0,1
59,2024-09-01 19:16:11+00:00,UGT_IOS,2,216.208.243.164,CA,0,1
60,2024-09-01 19:16:12+00:00,UG_WEB,1,73.246.69.183,US,0,1
61,2024-09-01 19:16:12+00:00,UGT_IOS,2,85.231.89.118,SE,0,1
62,2024-09-01 19:16:12+00:00,UGT_IOS,2,216.165.95.157,US,0,1
63,2024-09-01 19:16:12+00:00,UG_WEB,1,76.133.172.215,US,0,1
64,2024-09-01 19:16:12+00:00,UGT_IOS,2,151.200.236.243,US,0,1
65,2024-09-01 19:16:12+00:00,UG_WEB,2,109.95.115.79,PL,0,1
66,2024-09-01 19:16:12+00:00,UG_WEB,4,3.234.232.103,US,1,1
67,2024-09-01 19:16:12+00:00,UG_WEB,4,3.234.232.114,US,1,1
68,2024-09-01 19:16:12+00:00,UG_WEB,2,172.219.14.104,CA,0,1
69,2024-09-01 19:16:12+00:00,UG_WEB,2,180.74.66.151,MY,0,1
70,2024-09-01 19:16:12+00:00,UGT_IOS,2,68.102.102.11,US,0,1
71,2024-09-01 19:16:12+00:00,UG_WEB,1,73.33.54.156,US,0,1
72,2024-09-01 19:16:12+00:00,UG_WEB,1,109.81.173.184,CZ,0,1
73,2024-09-01 19:16:12+00:00,UGT_IOS,2,172.59.131.135,US,0,1
74,2024-09-01 19:16:12+00:00,UG_WEB,1,67.218.229.177,ES,0,1
75,2024-09-01 19:16:12+00:00,UGT_ANDROID,3,24.130.107.38,US,0,1
76,2024-09-01 19:16:12+00:00,UGT_IOS,2,174.234.78.138,US,0,1
77,2024-09-01 19:16:12+00:00,UG_WEB,2,100.8.177.83,US,0,1
78,2024-09-01 19:16:12+00:00,UGT_ANDROID,2,24.133.64.13,TR,0,1
79,2024-09-01 19:16:12+00:00,UG_WEB,1,24.59.24.74,US,0,1
80,2024-09-01 19:16:12+00:00,UGT_IOS,2,73.25.157.167,US,0,1
81,2024-09-01 19:16:12+00:00,UG_WEB,1,101.56.2.3,IT,0,1
82,2024-09-01 19:16:12+00:00,UG_WEB,2,121.6.14.39,SG,0,1
83,2024-09-01 19:16:12+00:00,UG_WEB,2,172.59.64.15,US,0,1
84,2024-09-01 19:16:12+00:00,UG_WEB,1,84.190.196.250,DE,0,1
85,2024-09-01 19:16:12+00:00,UG_WEB,3,35.147.35.38,US,0,1
86,2024-09-01 19:16:12+00:00,UG_WEB,2,51.14.253.76,GB,0,1
87,2024-09-01 19:16:12+00:00,UG_WEB,2,166.196.54.91,US,0,1
88,2024-09-01 19:16:12+00:00,UG_WEB,2,122.2.102.112,PH,0,1
89,2024-09-01 19:16:12+00:00,UGT_ANDROID,2,86.17.109.168,GB,0,1
90,2024-09-01 19:16:12+00:00,UGT_ANDROID,2,62.167.46.38,CH,0,1
91,2024-09-01 19:16:12+00:00,UG_WEB,2,81.19.208.86,NL,0,1
92,2024-09-01 19:16:12+00:00,UG_WEB,2,182.54.172.227,NZ,0,1
93,2024-09-01 19:16:12+00:00,UG_WEB,2,68.13.139.129,US,0,1
94,2024-09-01 19:16:12+00:00,UGT_IOS,2,174.235.48.252,US,0,1
95,2024-09-01 19:16:12+00:00,UGT_IOS,2,77.18.62.123,NO,0,1
96,2024-09-01 19:16:12+00:00,UG_WEB,1,62.45.87.36,NL,0,1
97,2024-09-01 19:16:12+00:00,UGT_IOS,2,87.173.113.71,DE,0,1
98,2024-09-01 19:16:12+00:00,UG_WEB,2,174.224.152.255,US,0,1
99,2024-09-01 19:16:12+00:00,UGT_IOS,2,90.119.119.108,FR,0,1
100,2024-09-01 19:16:13+00:00,UGT_IOS,2,80.208.69.255,DK,0,1
101,2024-09-01 19:16:13+00:00,UGT_IOS,2,80.233.51.242,IE,0,1
102,2024-09-01 19:16:13+00:00,UG_WEB,2,114.4.215.31,ID,0,1
103,2024-09-01 19:16:13+00:00,UGT_IOS,2,173.233.190.129,US,0,1
104,2024-09-01 19:16:13+00:00,UGT_IOS,3,90.193.85.209,GB,0,1
105,2024-09-01 19:16:13+00:00,UGT_ANDROID,3,146.241.22.166,IT,0,1
106,2024-09-01 19:16:13+00:00,UGT_IOS,2,78.16.49.162,IE,0,1
107,2024-09-01 19:16:13+00:00,UGT_IOS,2,162.220.158.251,US,0,1
108,2024-09-01 19:16:13+00:00,UG_WEB,2,88.97.218.64,GB,0,1
109,2024-09-01 19:16:13+00:00,UG_WEB,2,2.122.254.147,GB,0,1
110,2024-09-01 19:16:13+00:00,UG_WEB,1,217.180.228.144,US,0,1
111,2024-09-01 19:16:13+00:00,UG_WEB,1,85.250.219.87,IL,0,1
112,2024-09-01 19:16:13+00:00,UG_WEB,2,78.62.70.235,LT,0,1
113,2024-09-01 19:16:13+00:00,UGT_IOS,2,174.116.10.218,CA,0,1
114,2024-09-01 19:16:13+00:00,UG_WEB,3,104.28.86.112,GB,0,1
115,2024-09-01 19:16:13+00:00,UGT_IOS,3,92.31.195.228,GB,0,1
116,2024-09-01 19:16:13+00:00,UG_WEB,1,181.63.104.180,CO,0,1
117,2024-09-01 19:16:13+00:00,UGT_IOS,2,174.119.139.244,CA,0,1
118,2024-09-01 19:16:13+00:00,UG_WEB,1,84.0.193.233,HU,0,1
119,2024-09-01 19:16:13+00:00,UG_WEB,1,204.229.10.102,US,0,1
120,2024-09-01 19:16:13+00:00,UG_WEB,2,148.252.156.193,GB,0,1
121,2024-09-01 19:16:13+00:00,UGT_IOS,2,86.46.125.77,IE,0,1
122,2024-09-01 19:16:13+00:00,UGT_IOS,2,151.225.112.212,GB,0,1
123,2024-09-01 19:16:13+00:00,UG_WEB,1,46.138.168.140,RU,0,1
124,2024-09-01 19:16:13+00:00,UG_WEB,2,108.52.143.157,US,0,1
125,2024-09-01 19:16:13+00:00,UGT_IOS,3,82.132.234.43,GB,0,1
126,2024-09-01 19:16:13+00:00,UGT_ANDROID,2,70.76.249.39,CA,0,1
127,2024-09-01 19:16:13+00:00,UG_WEB,1,73.15.191.37,US,0,1
128,2024-09-01 19:16:13+00:00,UG_WEB,2,190.2.108.40,AR,0,1
129,2024-09-01 19:16:13+00:00,UG_WEB,2,114.10.7.255,ID,0,1
130,2024-09-01 19:16:13+00:00,UG_WEB,2,137.119.15.106,US,0,1
131,2024-09-01 19:16:13+00:00,UGT_IOS,2,76.155.189.247,US,0,1
132,2024-09-01 19:16:13+00:00,UGT_IOS,3,184.176.94.249,US,0,1
133,2024-09-01 19:16:13+00:00,UGT_IOS,2,107.123.1.72,US,0,1
134,2024-09-01 19:16:13+00:00,UGT_IOS,2,67.187.112.177,US,0,1
135,2024-09-01 19:16:13+00:00,UG_WEB,1,73.246.69.183,US,0,1
136,2024-09-01 19:16:13+00:00,UGT_ANDROID,2,88.161.31.1,FR,0,1
137,2024-09-01 19:16:13+00:00,UGT_IOS,2,68.61.113.4,US,0,1
138,2024-09-01 19:16:13+00:00,UG_WEB,1,98.208.188.135,US,0,1
139,2024-09-01 19:16:13+00:00,UGT_ANDROID,2,109.139.153.64,BE,0,1
140,2024-09-01 19:16:13+00:00,UG_WEB,1,90.216.16.215,GB,0,1
141,2024-09-01 19:16:13+00:00,UG_WEB,1,93.176.184.48,ES,0,1
142,2024-09-01 19:16:13+00:00,UG_WEB,1,188.217.57.230,IT,0,1
143,2024-09-01 19:16:14+00:00,UG_WEB,1,178.194.142.214,CH,0,1
144,2024-09-01 19:16:14+00:00,UGT_IOS,3,89.244.88.51,DE,0,1
145,2024-09-01 19:16:14+00:00,UG_WEB,2,207.207.116.1,US,0,1
146,2024-09-01 19:16:14+00:00,UG_WEB,2,174.176.209.214,US,0,1
147,2024-09-01 19:16:14+00:00,UG_WEB,2,78.16.48.98,IE,0,1
148,2024-09-01 19:16:14+00:00,UGT_IOS,3,103.127.57.81,BD,0,1
149,2024-09-01 19:16:14+00:00,UGT_IOS,3,107.202.172.18,US,0,1
150,2024-09-01 19:16:14+00:00,UG_WEB,1,77.1.157.6,DE,0,1
151,2024-09-01 19:16:14+00:00,UG_WEB,2,83.57.205.189,ES,0,1
152,2024-09-01 19:16:14+00:00,UG_WEB,1,176.101.182.54,SK,0,1
153,2024-09-01 19:16:14+00:00,UGT_IOS,2,86.48.12.2,JP,0,1
154,2024-09-01 19:16:14+00:00,UGT_ANDROID,2,109.81.171.14,CZ,0,1
155,2024-09-01 19:16:14+00:00,UG_WEB,2,174.230.144.87,US,0,1
156,2024-09-01 19:16:14+00:00,UG_WEB,1,105.233.109.106,ZA,0,1
157,2024-09-01 19:16:14+00:00,UG_WEB,2,31.4.192.203,ES,0,1
158,2024-09-01 19:16:14+00:00,UGT_IOS,2,2.219.237.118,GB,0,1
159,2024-09-01 19:16:14+00:00,UG_WEB,1,37.201.153.42,DE,0,1
160,2024-09-01 19:16:14+00:00,UGT_ANDROID,2,92.184.107.134,FR,0,1
161,2024-09-01 19:16:14+00:00,UG_WEB,1,80.129.209.11,DE,0,1
162,2024-09-01 19:16:14+00:00,UG_WEB,2,185.213.80.46,CA,0,1
163,2024-09-01 19:16:14+00:00,UG_WEB,1,156.34.53.69,CA,0,1
164,2024-09-01 19:16:14+00:00,UG_WEB,2,99.22.26.120,US,0,1
165,2024-09-01 19:16:14+00:00,UG_WEB,3,188.210.58.12,DE,0,1
166,2024-09-01 19:16:14+00:00,UG_WEB,1,190.235.9.125,PE,0,1
167,2024-09-01 19:16:14+00:00,UG_WEB,2,84.210.138.254,NO,0,1
168,2024-09-01 19:16:14+00:00,UGT_IOS,2,172.58.15.160,US,0,1
169,2024-09-01 19:16:14+00:00,UGT_IOS,2,86.92.21.53,NL,0,1
170,2024-09-01 19:16:14+00:00,UG_WEB,1,104.28.62.25,DE,0,1
171,2024-09-01 19:16:14+00:00,UG_WEB,2,5.71.113.215,GB,0,1
172,2024-09-01 19:16:14+00:00,UGT_ANDROID,2,174.213.209.56,US,0,1
173,2024-09-01 19:16:14+00:00,UG_WEB,2,71.184.121.45,US,0,1
174,2024-09-01 19:16:14+00:00,UG_WEB,2,172.56.162.179,US,0,1
175,2024-09-01 19:16:14+00:00,UGT_IOS,2,108.185.6.102,US,0,1
176,2024-09-01 19:16:14+00:00,UGT_IOS,3,73.230.201.201,US,0,1
177,2024-09-01 19:16:14+00:00,UGT_ANDROID,2,97.188.17.252,US,0,1
178,2024-09-01 19:16:14+00:00,UG_WEB,1,98.208.188.135,US,0,1
179,2024-09-01 19:16:14+00:00,UGT_ANDROID,2,176.83.200.188,ES,0,1
180,2024-09-01 19:16:16+00:00,UG_WEB,1,82.132.236.241,GB,0,1
181,2024-09-01 19:16:16+00:00,UG_WEB,1,104.28.47.38,BO,0,1
182,2024-09-01 19:16:16+00:00,UG_WEB,2,170.247.37.41,BR,0,1
183,2024-09-01 19:16:16+00:00,UG_WEB,2,172.225.201.40,IN,0,1
184,2024-09-01 19:16:16+00:00,UG_WEB,1,76.67.110.50,CA,0,1
185,2024-09-01 19:16:16+00:00,UG_WEB,1,5.25.175.4,TR,0,1
186,2024-09-01 19:16:16+00:00,UG_WEB,2,125.167.48.92,ID,0,1
187,2024-09-01 19:16:16+00:00,UG_WEB,2,106.194.169.233,IN,0,1
188,2024-09-01 19:16:17+00:00,UG_WEB,1,46.217.97.8,MK,0,1
189,2024-09-01 19:16:17+00:00,UG_WEB,1,70.125.166.86,US,0,1
190,2024-09-01 19:16:17+00:00,UG_WEB,2,107.77.228.19,US,0,1
191,2024-09-01 19:16:17+00:00,UG_WEB,4,3.234.232.12,US,1,1
192,2024-09-01 19:16:17+00:00,UGT_IOS,2,176.5.139.154,DE,0,1
193,2024-09-01 19:16:17+00:00,UGT_IOS,2,12.75.178.97,US,0,1
194,2024-09-01 19:16:17+00:00,UGT_IOS,2,46.69.209.65,GB,0,1
195,2024-09-01 19:16:17+00:00,UG_WEB,1,174.236.33.31,US,0,1
196,2024-09-01 19:16:17+00:00,UG_WEB,2,174.162.188.11,US,0,1
197,2024-09-01 19:16:17+00:00,UG_WEB,2,31.201.85.77,NL,0,1
198,2024-09-01 19:16:17+00:00,UGT_IOS,2,38.141.253.135,US,0,1
199,2024-09-01 19:16:17+00:00,UG_WEB,2,172.59.128.130,US,0,1
200,2024-09-01 19:16:17+00:00,UG_WEB,2,139.28.217.94,NL,0,1
201,2024-09-01 19:16:17+00:00,UG_WEB,2,96.43.75.2,US,0,1
202,2024-09-01 19:16:17+00:00,UGT_IOS,2,46.13.43.135,CZ,0,1
203,2024-09-01 19:16:17+00:00,UG_WEB,1,68.41.168.241,US,0,1
204,2024-09-01 19:16:17+00:00,UG_WEB,2,174.219.107.43,US,0,1
205,2024-09-01 19:16:17+00:00,UGT_IOS,2,45.31.96.31,US,0,1
206,2024-09-01 19:16:17+00:00,UGT_IOS,2,72.223.12.233,US,0,1
207,2024-09-01 19:16:17+00:00,UGT_IOS,3,174.206.101.162,US,0,1
208,2024-09-01 19:16:17+00:00,UGT_IOS,2,172.56.24.251,US,0,1
209,2024-09-01 19:16:17+00:00,UG_WEB,1,47.37.198.54,US,0,1
210,2024-09-01 19:16:17+00:00,UG_WEB,2,172.59.176.78,US,0,1
211,2024-09-01 19:16:17+00:00,UGT_ANDROID,2,51.19.112.108,GB,0,1
212,2024-09-01 19:16:17+00:00,UG_WEB,1,156.249.10.232,SG,0,1
213,2024-09-01 19:16:17+00:00,UG_WEB,2,95.68.78.48,LV,0,1
214,2024-09-01 19:16:17+00:00,UGT_ANDROID,2,98.50.202.206,US,0,1
215,2024-09-01 19:16:17+00:00,UG_WEB,1,87.122.24.120,DE,0,1
216,2024-09-01 19:16:17+00:00,UG_WEB,1,118.179.76.81,BD,0,1
217,2024-09-01 19:16:17+00:00,UG_WEB,1,114.31.140.57,IN,0,1
218,2024-09-01 19:16:17+00:00,UG_WEB,1,95.17.150.167,ES,0,1
219,2024-09-01 19:16:17+00:00,UG_WEB,1,76.21.202.253,US,0,1
220,2024-09-01 19:16:17+00:00,UG_WEB,2,187.189.88.156,MX,0,1
221,2024-09-01 19:16:17+00:00,UG_WEB,1,77.119.94.221,AT,0,1
222,2024-09-01 19:16:17+00:00,UGT_IOS,2,50.39.111.13,US,0,1
223,2024-09-01 19:16:17+00:00,UGT_IOS,2,75.31.44.36,US,0,1
224,2024-09-01 19:16:17+00:00,UG_WEB,1,188.26.212.121,ES,0,1
225,2024-09-01 19:16:17+00:00,UG_WEB,1,80.62.117.242,DK,0,1
226,2024-09-01 19:16:17+00:00,UG_WEB,2,104.28.196.82,NP,0,1
227,2024-09-01 19:16:17+00:00,UG_WEB,2,77.205.22.149,FR,0,1
228,2024-09-01 19:16:17+00:00,UG_WEB,1,82.132.236.241,GB,0,1
229,2024-09-01 19:16:17+00:00,UG_WEB,1,213.18.143.35,GB,0,1
230,2024-09-01 19:16:17+00:00,UGT_IOS,2,99.163.124.117,US,0,1
231,2024-09-01 19:16:17+00:00,UGT_ANDROID,2,5.69.230.81,GB,0,1
232,2024-09-01 19:16:17+00:00,UG_WEB,1,84.65.85.35,GB,0,1
233,2024-09-01 19:16:17+00:00,UG_WEB,2,67.48.103.176,US,0,1
234,2024-09-01 19:16:17+00:00,UGT_IOS,2,85.250.66.7,IL,0,1
235,2024-09-01 19:16:17+00:00,UG_WEB,2,78.243.53.54,FR,0,1
236,2024-09-01 19:16:17+00:00,UGT_ANDROID,2,73.24.79.92,US,0,1
237,2024-09-01 19:16:17+00:00,UG_WEB,1,178.192.197.45,CH,0,1
238,2024-09-01 19:16:17+00:00,UGT_IOS,3,92.208.62.180,DE,0,1
239,2024-09-01 19:16:17+00:00,UG_WEB,2,92.10.88.109,GB,0,1
240,2024-09-01 19:16:18+00:00,UG_WEB,2,73.47.126.128,US,0,1
241,2024-09-01 19:16:18+00:00,UGT_IOS,2,84.157.152.226,DE,0,1
242,2024-09-01 19:16:18+00:00,UGT_IOS,3,46.125.250.49,AT,0,1
243,2024-09-01 19:16:18+00:00,UGT_IOS,2,107.122.229.1,US,0,1
244,2024-09-01 19:16:18+00:00,UG_WEB,2,188.64.207.151,IL,0,1
245,2024-09-01 19:16:18+00:00,UG_WEB,2,172.226.49.42,SE,0,1
246,2024-09-01 19:16:18+00:00,UGT_ANDROID,2,172.59.125.250,US,0,1
247,2024-09-01 19:16:18+00:00,UGT_ANDROID,2,93.151.214.150,IT,0,1
248,2024-09-01 19:16:18+00:00,UGT_ANDROID,2,89.156.199.181,FR,0,1
249,2024-09-01 19:16:18+00:00,UG_WEB,1,216.51.225.94,US,0,1
250,2024-09-01 19:16:18+00:00,UG_WEB,2,84.203.2.170,IE,0,1
251,2024-09-01 19:16:18+00:00,UGT_IOS,2,46.230.128.127,NO,0,1
252,2024-09-01 19:16:18+00:00,UG_WEB,2,176.153.86.16,FR,0,1
253,2024-09-01 19:16:18+00:00,UGT_IOS,2,174.203.99.9,US,0,1
254,2024-09-01 19:16:18+00:00,UG_WEB,1,85.221.145.172,PL,0,1
255,2024-09-01 19:16:18+00:00,UG_WEB,1,149.40.62.42,US,0,1
256,2024-09-01 19:16:18+00:00,UG_WEB,3,73.82.26.44,US,0,1
257,2024-09-01 19:16:18+00:00,UGT_ANDROID,2,86.22.229.93,GB,0,1
258,2024-09-01 19:16:18+00:00,UGT_ANDROID,2,172.58.243.219,US,0,1
259,2024-09-01 19:16:18+00:00,UG_WEB,2,114.10.153.4,ID,0,1
260,2024-09-01 19:16:18+00:00,UG_WEB,1,81.77.205.236,GB,0,1
261,2024-09-01 19:16:18+00:00,UG_WEB,1,82.77.81.142,RO,0,1
262,2024-09-01 19:16:18+00:00,UG_WEB,1,90.196.153.3,GB,0,1
263,2024-09-01 19:16:18+00:00,UG_WEB,1,79.35.28.119,IT,0,1
264,2024-09-01 19:16:18+00:00,UG_WEB,2,87.212.164.108,NL,0,1
265,2024-09-01 19:16:18+00:00,UG_WEB,2,103.85.242.207,BD,0,1
266,2024-09-01 19:16:18+00:00,UG_WEB,1,216.150.126.114,US,0,1
267,2024-09-01 19:16:19+00:00,UG_WEB,2,180.242.131.107,ID,0,1
268,2024-09-01 19:16:20+00:00,UG_WEB,2,118.179.183.161,BD,0,1
269,2024-09-01 19:16:20+00:00,UG_WEB,2,124.104.54.179,PH,0,1
270,2024-09-01 19:16:20+00:00,UG_WEB,2,73.234.146.157,US,0,1
271,2024-09-01 19:16:20+00:00,UG_WEB,2,160.3.3.169,US,0,1
272,2024-09-01 19:16:20+00:00,UG_WEB,2,103.72.190.118,PH,0,1
273,2024-09-01 19:16:20+00:00,UG_WEB,1,49.47.143.101,IN,0,1
274,2024-09-01 19:16:20+00:00,UG_WEB,1,181.166.231.161,AR,0,1
275,2024-09-01 19:16:20+00:00,UG_WEB,1,186.19.149.83,AR,0,1
276,2024-09-01 19:16:21+00:00,UG_WEB,2,52.124.72.97,CA,0,1
277,2024-09-01 19:16:21+00:00,UG_WEB,2,134.41.103.180,CA,0,1
278,2024-09-01 19:16:21+00:00,UG_WEB,1,172.226.36.26,US,0,1
279,2024-09-01 19:16:21+00:00,UG_WEB,1,87.56.54.14,DK,0,1
280,2024-09-01 19:16:21+00:00,UGT_ANDROID,2,85.73.224.188,GR,0,1
281,2024-09-01 19:16:21+00:00,UGT_IOS,2,172.59.196.189,US,0,1
282,2024-09-01 19:16:21+00:00,UGT_IOS,2,174.198.200.9,US,0,1
283,2024-09-01 19:16:21+00:00,UGT_ANDROID,2,94.194.240.112,GB,0,1
284,2024-09-01 19:16:21+00:00,UGT_ANDROID,2,41.45.53.59,EG,0,1
285,2024-09-01 19:16:21+00:00,UG_WEB,2,185.115.4.225,GE,0,1
286,2024-09-01 19:16:21+00:00,UGT_IOS,2,166.198.34.60,US,0,1
287,2024-09-01 19:16:21+00:00,UG_WEB,1,90.220.130.207,GB,0,1
288,2024-09-01 19:16:21+00:00,UGT_IOS,2,24.27.112.74,US,0,1
289,2024-09-01 19:16:21+00:00,UGT_IOS,2,82.209.143.128,SE,0,1
290,2024-09-01 19:16:21+00:00,UGT_ANDROID,2,174.195.36.234,US,0,1
291,2024-09-01 19:16:21+00:00,UG_WEB,2,109.52.6.44,IT,0,1
292,2024-09-01 19:16:21+00:00,UG_WEB,2,108.92.163.142,US,0,1
293,2024-09-01 19:16:21+00:00,UGT_ANDROID,2,79.252.106.239,DE,0,1
294,2024-09-01 19:16:21+00:00,UGT_IOS,2,73.142.237.66,US,0,1
295,2024-09-01 19:16:21+00:00,UGT_IOS,2,92.40.168.168,GB,0,1
296,2024-09-01 19:16:21+00:00,UG_WEB,2,80.189.135.170,GB,0,1
297,2024-09-01 19:16:21+00:00,UGT_ANDROID,3,177.245.199.157,MX,0,1
298,2024-09-01 19:16:21+00:00,UGT_IOS,2,98.97.21.38,US,0,1
299,2024-09-01 19:16:21+00:00,UGT_IOS,2,88.90.91.116,NO,0,1
300,2024-09-01 19:16:21+00:00,UGT_ANDROID,2,132.147.194.232,US,0,1
301,2024-09-01 19:16:21+00:00,UG_WEB,2,12.166.33.234,US,0,1
302,2024-09-01 19:16:21+00:00,UGT_ANDROID,2,86.185.135.159,GB,0,1
303,2024-09-01 19:16:21+00:00,UG_WEB,1,178.51.234.221,BE,0,1
304,2024-09-01 19:16:21+00:00,UG_WEB,1,213.226.245.39,CZ,0,1
305,2024-09-01 19:16:21+00:00,UG_WEB,2,86.13.211.229,GB,0,1
306,2024-09-01 19:16:21+00:00,UGT_ANDROID,2,87.63.196.40,DK,0,1
307,2024-09-01 19:16:21+00:00,UG_WEB,2,83.82.146.237,NL,0,1
308,2024-09-01 19:16:21+00:00,UG_WEB,2,90.226.46.175,SE,0,1
309,2024-09-01 19:16:21+00:00,UGT_ANDROID,2,92.26.225.100,GB,0,1
310,2024-09-01 19:16:21+00:00,UG_WEB,2,62.194.199.208,NL,0,1
311,2024-09-01 19:16:21+00:00,UGT_IOS,2,213.233.155.152,IE,0,1
312,2024-09-01 19:16:21+00:00,UGT_IOS,2,85.203.205.68,DK,0,1
313,2024-09-01 19:16:21+00:00,UG_WEB,2,94.254.157.49,PL,0,1
314,2024-09-01 19:16:21+00:00,UG_WEB,2,74.78.44.13,US,0,1
315,2024-09-01 19:16:21+00:00,UG_WEB,2,37.208.139.236,QA,0,1
316,2024-09-01 19:16:21+00:00,UG_WEB,2,90.255.64.146,GB,0,1
317,2024-09-01 19:16:22+00:00,UG_WEB,1,166.137.147.13,US,0,1
318,2024-09-01 19:16:22+00:00,UGT_IOS,2,12.74.180.96,US,0,1
319,2024-09-01 19:16:22+00:00,UG_WEB,2,199.195.150.78,CA,0,1
320,2024-09-01 19:16:22+00:00,UG_WEB,3,67.4.20.212,US,0,1
321,2024-09-01 19:16:22+00:00,UG_WEB,2,137.186.113.225,CA,0,1
322,2024-09-01 19:16:22+00:00,UG_WEB,2,12.75.77.63,US,0,1
323,2024-09-01 19:16:22+00:00,UG_WEB,2,94.230.107.195,IE,0,1
324,2024-09-01 19:16:22+00:00,UG_WEB,2,184.151.190.131,CA,0,1
325,2024-09-01 19:16:22+00:00,UG_WEB,1,93.241.207.218,DE,0,1
326,2024-09-01 19:16:22+00:00,UGT_IOS,2,80.1.212.100,GB,0,1
327,2024-09-01 19:16:22+00:00,UG_WEB,2,76.117.123.239,US,0,1
328,2024-09-01 19:16:22+00:00,UG_WEB,1,216.147.125.127,US,0,1
329,2024-09-01 19:16:22+00:00,UG_WEB,1,75.134.227.129,US,0,1
330,2024-09-01 19:16:22+00:00,UG_WEB,1,81.182.121.221,HU,0,1
331,2024-09-01 19:16:22+00:00,UG_WEB,2,104.28.39.59,US,0,1
332,2024-09-01 19:16:22+00:00,UGT_IOS,2,24.254.214.68,US,0,1
333,2024-09-01 19:16:22+00:00,UGT_IOS,3,87.52.107.202,DK,0,1
334,2024-09-01 19:16:22+00:00,UG_WEB,2,24.38.170.60,US,0,1
335,2024-09-01 19:16:22+00:00,UG_WEB,1,71.115.235.73,US,0,1
336,2024-09-01 19:16:22+00:00,UGT_IOS,2,69.59.119.86,US,0,1
337,2024-09-01 19:16:22+00:00,UG_WEB,2,80.189.135.170,GB,0,1
338,2024-09-01 19:16:22+00:00,UG_WEB,2,73.77.36.133,US,0,1
339,2024-09-01 19:16:22+00:00,UGT_ANDROID,3,91.179.191.141,BE,0,1
340,2024-09-01 19:16:22+00:00,UG_WEB,1,67.193.155.27,CA,0,1
341,2024-09-01 19:16:22+00:00,UGT_IOS,2,66.176.187.112,US,0,1
342,2024-09-01 19:16:22+00:00,UGT_IOS,2,99.50.87.5,US,0,1
343,2024-09-01 19:16:22+00:00,UGT_IOS,2,188.70.22.165,KW,0,1
344,2024-09-01 19:16:22+00:00,UGT_IOS,2,97.83.84.194,US,0,1
345,2024-09-01 19:16:22+00:00,UG_WEB,2,72.188.21.178,US,0,1
346,2024-09-01 19:16:22+00:00,UG_WEB,1,79.213.1.215,DE,0,1
347,2024-09-01 19:16:22+00:00,UG_WEB,1,217.114.38.192,US,0,1
348,2024-09-01 19:16:22+00:00,UG_WEB,1,92.252.55.159,DE,0,1
349,2024-09-01 19:16:22+00:00,UG_WEB,2,50.98.215.15,CA,0,1
350,2024-09-01 19:16:22+00:00,UG_WEB,2,109.158.28.146,GB,0,1
351,2024-09-01 19:16:22+00:00,UGT_IOS,3,136.54.15.10,US,0,1
352,2024-09-01 19:16:22+00:00,UG_WEB,1,76.255.27.99,US,0,1
353,2024-09-01 19:16:22+00:00,UGT_IOS,2,128.164.171.27,US,0,1
354,2024-09-01 19:16:22+00:00,UGT_IOS,2,76.115.22.18,US,0,1
355,2024-09-01 19:16:22+00:00,UGT_ANDROID,2,86.223.252.7,FR,0,1
356,2024-09-01 19:16:22+00:00,UG_WEB,3,174.21.78.225,US,0,1
357,2024-09-01 19:16:22+00:00,UG_WEB,3,72.224.59.159,US,0,1
358,2024-09-01 19:16:22+00:00,UG_WEB,4,3.234.232.11,US,1,1
359,2024-09-01 19:16:22+00:00,UGT_ANDROID,2,77.175.17.187,NL,0,1
360,2024-09-01 19:16:22+00:00,UG_WEB,4,3.234.232.69,US,1,1
361,2024-09-01 19:16:22+00:00,UGT_IOS,2,73.246.27.84,US,0,1
362,2024-09-01 19:16:23+00:00,UG_WEB,1,181.97.81.57,AR,0,1
363,2024-09-01 19:16:23+00:00,UG_WEB,1,189.60.50.97,BR,0,1
364,2024-09-01 19:16:24+00:00,UG_WEB,1,87.78.158.73,DE,0,1
365,2024-09-01 19:16:24+00:00,UGT_IOS,2,73.207.139.53,US,0,1
366,2024-09-01 19:16:24+00:00,UG_WEB,2,186.143.197.121,AR,0,1
367,2024-09-01 19:16:25+00:00,UGT_IOS,2,52.119.100.240,US,0,1
368,2024-09-01 19:16:25+00:00,UG_WEB,2,81.236.18.207,SE,0,1
369,2024-09-01 19:16:25+00:00,UG_WEB,2,58.104.224.58,AU,0,1
370,2024-09-01 19:16:25+00:00,UGT_IOS,2,217.231.124.162,DE,0,1
371,2024-09-01 19:16:25+00:00,UG_WEB,1,152.86.89.43,US,0,1
372,2024-09-01 19:16:25+00:00,UG_WEB,1,186.173.24.211,CL,0,1
373,2024-09-01 19:16:25+00:00,UGT_ANDROID,2,94.234.109.70,SE,0,1
374,2024-09-01 19:16:25+00:00,UGT_IOS,2,104.218.159.236,US,0,1
375,2024-09-01 19:16:25+00:00,UG_WEB,1,2.125.58.123,GB,0,1
376,2024-09-01 19:16:25+00:00,UG_WEB,2,78.182.146.233,TR,0,1
377,2024-09-01 19:16:25+00:00,UGT_IOS,2,132.147.156.241,US,0,1
378,2024-09-01 19:16:25+00:00,UG_WEB,2,217.120.43.134,NL,0,1
379,2024-09-01 19:16:25+00:00,UGT_IOS,2,167.98.114.70,GB,0,1
380,2024-09-01 19:16:25+00:00,UGT_IOS,2,88.152.9.98,DE,0,1
381,2024-09-01 19:16:25+00:00,UG_WEB,2,24.212.101.114,CA,0,1
382,2024-09-01 19:16:25+00:00,UG_WEB,1,155.190.32.22,IE,0,1
383,2024-09-01 19:16:25+00:00,UGT_IOS,2,176.1.149.44,DE,0,1
384,2024-09-01 19:16:25+00:00,UG_WEB,1,217.120.204.82,NL,0,1
385,2024-09-01 19:16:25+00:00,UGT_ANDROID,2,172.56.221.118,US,0,1
386,2024-09-01 19:16:25+00:00,UGT_ANDROID,2,188.57.121.236,TR,0,1
387,2024-09-01 19:16:25+00:00,UG_WEB,2,92.88.171.23,FR,0,1
388,2024-09-01 19:16:25+00:00,UG_WEB,1,176.88.126.88,TR,0,1
389,2024-09-01 19:16:25+00:00,UG_WEB,2,94.8.185.162,GB,0,1
390,2024-09-01 19:16:25+00:00,UGT_ANDROID,2,24.62.38.109,US,0,1
391,2024-09-01 19:16:25+00:00,UGT_IOS,2,24.224.252.122,CA,0,1
392,2024-09-01 19:16:25+00:00,UG_WEB,1,69.2.18.130,US,0,1
393,2024-09-01 19:16:25+00:00,UG_WEB,1,167.249.166.102,BR,0,1
394,2024-09-01 19:16:25+00:00,UGT_IOS,2,72.210.49.147,US,0,1
395,2024-09-01 19:16:25+00:00,UG_WEB,1,74.128.75.227,US,0,1
396,2024-09-01 19:16:25+00:00,UGT_IOS,2,51.171.249.94,IE,0,1
397,2024-09-01 19:16:25+00:00,UG_WEB,1,87.78.158.73,DE,0,1
398,2024-09-01 19:16:25+00:00,UG_WEB,1,91.141.40.180,AT,0,1
399,2024-09-01 19:16:25+00:00,UG_WEB,3,151.57.104.7,IT,0,1
400,2024-09-01 19:16:25+00:00,UG_WEB,1,195.213.51.231,GB,0,1
401,2024-09-01 19:16:25+00:00,UGT_ANDROID,2,82.74.207.116,NL,0,1
402,2024-09-01 19:16:25+00:00,UG_WEB,2,73.52.23.4,US,0,1
403,2024-09-01 19:16:25+00:00,UGT_IOS,2,81.109.235.88,GB,0,1
404,2024-09-01 19:16:25+00:00,UG_WEB,1,79.91.10.208,FR,0,1
405,2024-09-01 19:16:25+00:00,UGT_IOS,2,174.196.205.90,US,0,1
406,2024-09-01 19:16:25+00:00,UG_WEB,2,220.246.129.139,HK,0,1
407,2024-09-01 19:16:25+00:00,UGT_IOS,2,184.166.29.137,US,0,1
408,2024-09-01 19:16:25+00:00,UGT_ANDROID,2,92.184.117.132,FR,0,1
409,2024-09-01 19:16:25+00:00,UGT_IOS,3,81.109.30.198,GB,0,1
410,2024-09-01 19:16:25+00:00,UGT_ANDROID,2,142.186.125.155,CA,0,1
411,2024-09-01 19:16:26+00:00,UG_WEB,2,71.75.145.110,US,0,1
412,2024-09-01 19:16:26+00:00,UGT_IOS,2,73.197.139.222,US,0,1
413,2024-09-01 19:16:26+00:00,UGT_IOS,3,212.120.90.89,NL,0,1
414,2024-09-01 19:16:26+00:00,UGT_IOS,2,108.147.2.99,US,0,1
415,2024-09-01 19:16:26+00:00,UG_WEB,2,107.115.239.23,US,0,1
416,2024-09-01 19:16:26+00:00,UGT_IOS,2,88.73.135.122,DE,0,1
417,2024-09-01 19:16:26+00:00,UGT_ANDROID,2,166.199.170.4,US,0,1
418,2024-09-01 19:16:26+00:00,UG_WEB,1,24.21.77.88,US,0,1
419,2024-09-01 19:16:26+00:00,UG_WEB,2,136.158.66.159,PH,0,1
420,2024-09-01 19:16:26+00:00,UG_WEB,1,108.27.220.80,US,0,1
421,2024-09-01 19:16:26+00:00,UG_WEB,1,73.167.199.159,US,0,1
422,2024-09-01 19:16:26+00:00,UGT_IOS,2,178.40.201.5,SK,0,1
423,2024-09-01 19:16:26+00:00,UG_WEB,1,114.10.135.101,ID,0,1
424,2024-09-01 19:16:26+00:00,UG_WEB,2,107.77.237.204,US,0,1
425,2024-09-01 19:16:26+00:00,UG_WEB,1,218.212.5.220,SG,0,1
426,2024-09-01 19:16:26+00:00,UGT_IOS,2,100.7.118.219,US,0,1
427,2024-09-01 19:16:26+00:00,UGT_IOS,2,172.58.145.102,US,0,1
428,2024-09-01 19:16:26+00:00,UGT_IOS,2,71.176.250.111,US,0,1
429,2024-09-01 19:16:26+00:00,UG_WEB,2,223.233.82.136,IN,0,1
430,2024-09-01 19:16:26+00:00,UG_WEB,2,149.167.177.103,AU,0,1
431,2024-09-01 19:16:26+00:00,UG_WEB,1,49.36.10.251,IN,0,1
432,2024-09-01 19:16:26+00:00,UG_WEB,1,192.70.253.14,US,0,1
433,2024-09-01 19:16:26+00:00,UG_WEB,1,146.255.180.25,EE,0,1
434,2024-09-01 19:16:26+00:00,UGT_IOS,3,81.152.176.69,GB,0,1
435,2024-09-01 19:16:26+00:00,UG_WEB,1,167.56.17.239,UY,0,1
436,2024-09-01 19:16:26+00:00,UG_WEB,2,212.39.104.9,BA,0,1
437,2024-09-01 19:16:26+00:00,UG_WEB,2,172.59.81.162,US,0,1
438,2024-09-01 19:16:26+00:00,UGT_ANDROID,3,24.156.223.154,CA,0,1
439,2024-09-01 19:16:26+00:00,UG_WEB,1,179.60.77.241,CL,0,1
440,2024-09-01 19:16:26+00:00,UG_WEB,2,176.131.177.146,FR,0,1
441,2024-09-01 19:16:26+00:00,UG_WEB,1,75.23.154.218,US,0,1
442,2024-09-01 19:16:26+00:00,UG_WEB,1,89.28.163.219,RU,0,1
443,2024-09-01 19:16:26+00:00,UG_WEB,2,148.252.145.196,GB,0,1
444,2024-09-01 19:16:26+00:00,UG_WEB,2,117.99.208.72,IN,0,1
445,2024-09-01 19:16:26+00:00,UG_WEB,1,151.63.252.45,IT,0,1
446,2024-09-01 19:16:29+00:00,UGT_IOS,2,2.218.47.238,GB,0,1
447,2024-09-01 19:16:29+00:00,UGT_IOS,2,91.162.221.240,FR,0,1
448,2024-09-01 19:16:29+00:00,UGT_IOS,3,86.225.119.50,FR,0,1
449,2024-09-01 19:16:29+00:00,UGT_ANDROID,2,81.82.165.221,BE,0,1
450,2024-09-01 19:16:29+00:00,UG_WEB,4,3.234.232.3,US,1,1
451,2024-09-01 19:16:29+00:00,UG_WEB,1,98.24.110.2,US,0,1
452,2024-09-01 19:16:29+00:00,UG_WEB,2,24.196.175.163,US,0,1
453,2024-09-01 19:16:29+00:00,UGT_IOS,2,97.99.95.114,US,0,1
454,2024-09-01 19:16:29+00:00,UGT_IOS,2,207.89.12.235,US,0,1
455,2024-09-01 19:16:29+00:00,UGT_IOS,2,193.203.12.173,SE,0,1
456,2024-09-01 19:16:29+00:00,UG_WEB,1,100.0.59.129,US,0,1
457,2024-09-01 19:16:29+00:00,UGT_ANDROID,2,87.100.212.209,FI,0,1
458,2024-09-01 19:16:29+00:00,UGT_ANDROID,2,88.227.1.223,TR,0,1
459,2024-09-01 19:16:29+00:00,UG_WEB,4,37.228.240.127,IE,1,1
460,2024-09-01 19:16:29+00:00,UG_WEB,2,66.235.40.17,US,0,1
461,2024-09-01 19:16:29+00:00,UG_WEB,2,98.110.40.29,US,0,1
462,2024-09-01 19:16:29+00:00,UGT_ANDROID,2,184.151.246.134,CA,0,1
463,2024-09-01 19:16:29+00:00,UG_WEB,4,3.234.232.106,US,1,1
464,2024-09-01 19:16:29+00:00,UG_WEB,1,70.63.216.26,US,0,1
465,2024-09-01 19:16:29+00:00,UG_WEB,1,189.223.119.151,MX,0,1
466,2024-09-01 19:16:29+00:00,UG_WEB,1,204.48.94.248,CA,0,1
467,2024-09-01 19:16:29+00:00,UG_WEB,2,81.131.143.52,GB,0,1
468,2024-09-01 19:16:29+00:00,UGT_ANDROID,2,170.203.201.68,CA,0,1
469,2024-09-01 19:16:29+00:00,UG_WEB,1,90.231.115.208,SE,0,1
470,2024-09-01 19:16:29+00:00,UG_WEB,1,77.99.250.6,GB,0,1
471,2024-09-01 19:16:29+00:00,UGT_IOS,2,129.59.122.31,US,0,1
472,2024-09-01 19:16:29+00:00,UGT_IOS,2,143.55.59.230,US,0,1
473,2024-09-01 19:16:29+00:00,UGT_ANDROID,2,88.182.200.146,FR,0,1
474,2024-09-01 19:16:29+00:00,UG_WEB,2,174.224.139.245,US,0,1
475,2024-09-01 19:16:29+00:00,UG_WEB,2,174.225.237.154,US,0,1
476,2024-09-01 19:16:29+00:00,UG_WEB,1,67.169.148.205,US,0,1
477,2024-09-01 19:16:29+00:00,UG_WEB,1,169.150.218.7,NL,0,1
478,2024-09-01 19:16:30+00:00,UG_WEB,2,110.227.201.250,IN,0,1
479,2024-09-01 19:16:30+00:00,UG_WEB,2,31.51.65.209,GB,0,1
480,2024-09-01 19:16:30+00:00,UG_WEB,1,51.36.93.110,SA,0,1
481,2024-09-01 19:16:30+00:00,UGT_IOS,2,31.13.188.202,ES,0,1
482,2024-09-01 19:16:30+00:00,UG_WEB,2,89.201.184.243,HR,0,1
483,2024-09-01 19:16:30+00:00,UG_WEB,2,104.28.40.139,GB,0,1
484,2024-09-01 19:16:30+00:00,UG_WEB,2,172.56.152.111,US,0,1
485,2024-09-01 19:16:30+00:00,UGT_IOS,3,86.133.85.148,GB,0,1
486,2024-09-01 19:16:30+00:00,UG_WEB,2,37.60.76.181,GB,0,1
487,2024-09-01 19:16:30+00:00,UG_WEB,2,168.235.203.248,CA,0,1
488,2024-09-01 19:16:30+00:00,UG_WEB,1,178.155.148.217,DK,0,1
489,2024-09-01 19:16:30+00:00,UG_WEB,1,181.25.59.147,AR,0,1
490,2024-09-01 19:16:30+00:00,UG_WEB,2,174.203.134.54,US,0,1
491,2024-09-01 19:16:30+00:00,UGT_ANDROID,2,86.142.47.60,GB,0,1
492,2024-09-01 19:16:30+00:00,UG_WEB,1,72.38.13.96,CA,0,1
493,2024-09-01 19:16:30+00:00,UGT_IOS,2,24.57.198.208,CA,0,1
494,2024-09-01 19:16:30+00:00,UGT_IOS,2,46.138.76.6,RU,0,1
495,2024-09-01 19:16:30+00:00,UG_WEB,1,174.112.1.30,CA,0,1
496,2024-09-01 19:16:30+00:00,UG_WEB,1,108.30.161.161,US,0,1
497,2024-09-01 19:16:30+00:00,UGT_IOS,2,173.215.32.131,US,0,1
498,2024-09-01 19:16:30+00:00,UGT_ANDROID,2,216.147.124.97,US,0,1
499,2024-09-01 19:16:30+00:00,UG_WEB,2,12.74.55.118,US,0,1
500,2024-09-01 19:16:30+00:00,UG_WEB,1,27.33.132.116,AU,0,1
501,2024-09-01 19:16:30+00:00,UG_WEB,1,96.51.144.42,CA,0,1
502,2024-09-01 19:16:30+00:00,UG_WEB,1,93.208.138.47,DE,0,1
503,2024-09-01 19:16:30+00:00,UGT_IOS,2,35.150.244.44,US,0,1
504,2024-09-01 19:16:30+00:00,UGT_IOS,2,91.207.175.58,US,0,1
505,2024-09-01 19:16:30+00:00,UGT_ANDROID,3,172.59.221.30,US,0,1
506,2024-09-01 19:16:30+00:00,UG_WEB,1,204.48.94.248,CA,0,1
507,2024-09-01 19:16:30+00:00,UG_WEB,1,5.173.35.62,PL,0,1
508,2024-09-01 19:16:30+00:00,UG_WEB,1,149.22.154.170,GB,0,1
509,2024-09-01 19:16:30+00:00,UGT_IOS,2,69.43.35.200,US,0,1
510,2024-09-01 19:16:30+00:00,UGT_IOS,2,46.199.45.100,CY,0,1
511,2024-09-01 19:16:30+00:00,UG_WEB,1,174.81.63.27,US,0,1
512,2024-09-01 19:16:30+00:00,UGT_IOS,2,89.208.131.140,IL,0,1
513,2024-09-01 19:16:30+00:00,UG_WEB,2,73.142.166.186,US,0,1
514,2024-09-01 19:16:30+00:00,UG_WEB,1,174.0.14.142,CA,0,1
515,2024-09-01 19:16:30+00:00,UG_WEB,2,93.130.142.9,DE,0,1
516,2024-09-01 19:16:30+00:00,UG_WEB,1,197.3.183.247,TN,0,1
517,2024-09-01 19:16:30+00:00,UGT_IOS,2,50.38.18.161,US,0,1
518,2024-09-01 19:16:30+00:00,UG_WEB,2,78.243.97.3,FR,0,1
519,2024-09-01 19:16:30+00:00,UG_WEB,2,73.240.146.238,US,0,1
520,2024-09-01 19:16:30+00:00,UG_WEB,2,149.241.75.18,GB,0,1
521,2024-09-01 19:16:31+00:00,UG_WEB,1,114.122.13.56,ID,0,1
522,2024-09-01 19:16:31+00:00,UG_WEB,1,193.203.12.137,SE,0,1
523,2024-09-01 19:16:31+00:00,UG_IOS,2,12.74.211.85,US,0,1
524,2024-09-01 19:16:31+00:00,UG_WEB,2,89.205.136.144,NL,0,1
525,2024-09-01 19:16:31+00:00,UG_WEB,2,223.25.19.132,PH,0,1
526,2024-09-01 19:16:32+00:00,UG_WEB,1,112.206.71.67,PH,0,1
527,2024-09-01 19:16:33+00:00,UG_WEB,2,206.84.228.234,IN,0,1
528,2024-09-01 19:16:35+00:00,UG_WEB,2,188.132.145.232,TR,0,1
529,2024-09-01 19:16:35+00:00,UG_WEB,1,136.55.249.124,US,0,1
530,2024-09-01 19:16:35+00:00,UGT_ANDROID,2,141.226.89.30,IL,0,1
531,2024-09-01 19:16:35+00:00,UG_WEB,2,185.136.198.101,CZ,0,1
532,2024-09-01 19:16:35+00:00,UG_WEB,1,216.232.177.105,CA,0,1
533,2024-09-01 19:16:35+00:00,UG_WEB,1,176.150.171.223,FR,0,1
534,2024-09-01 19:16:35+00:00,UG_WEB,2,89.205.135.187,NL,0,1
535,2024-09-01 19:16:35+00:00,UG_WEB,2,98.49.54.73,US,0,1
536,2024-09-01 19:16:35+00:00,UGT_IOS,2,174.231.50.231,US,0,1
537,2024-09-01 19:16:35+00:00,UG_WEB,2,46.223.149.224,DE,0,1
538,2024-09-01 19:16:35+00:00,UG_WEB,1,98.46.236.226,US,0,1
539,2024-09-01 19:16:35+00:00,UGT_IOS,3,151.68.41.167,IT,0,1
540,2024-09-01 19:16:35+00:00,UG_WEB,2,75.74.67.26,US,0,1
541,2024-09-01 19:16:35+00:00,UG_WEB,2,84.210.7.46,NO,0,1
542,2024-09-01 19:16:35+00:00,UG_WEB,1,82.218.250.151,AT,0,1
543,2024-09-01 19:16:35+00:00,UG_WEB,2,174.228.226.222,US,0,1
544,2024-09-01 19:16:35+00:00,UG_WEB,2,91.234.246.66,PL,0,1
545,2024-09-01 19:16:35+00:00,UG_WEB,1,80.115.245.193,NL,0,1
546,2024-09-01 19:16:35+00:00,UGT_IOS,2,94.246.5.100,NO,0,1
547,2024-09-01 19:16:35+00:00,UG_WEB,1,159.146.120.193,TR,0,1
548,2024-09-01 19:16:35+00:00,UG_WEB,1,97.71.146.67,US,0,1
549,2024-09-01 19:16:35+00:00,UG_WEB,2,37.33.221.229,FI,0,1
550,2024-09-01 19:16:35+00:00,UG_WEB,1,75.158.168.156,CA,0,1
551,2024-09-01 19:16:35+00:00,UG_WEB,2,104.28.48.168,US,0,1
552,2024-09-01 19:16:35+00:00,UG_WEB,2,57.134.136.47,CA,0,1
553,2024-09-01 19:16:35+00:00,UG_WEB,3,73.118.251.230,US,0,1
554,2024-09-01 19:16:35+00:00,UGT_IOS,2,78.210.158.213,IT,0,1
555,2024-09-01 19:16:35+00:00,UG_WEB,2,75.172.95.159,US,0,1
556,2024-09-01 19:16:35+00:00,UG_WEB,1,80.139.123.19,DE,0,1
557,2024-09-01 19:16:36+00:00,UGT_IOS,2,174.61.226.122,US,0,1
558,2024-09-01 19:16:36+00:00,UG_WEB,3,107.77.205.187,US,0,1
559,2024-09-01 19:16:36+00:00,UG_WEB,4,3.234.232.102,US,1,1
560,2024-09-01 19:16:36+00:00,UG_WEB,2,24.17.208.138,US,0,1
561,2024-09-01 19:16:36+00:00,UGT_IOS,2,47.54.33.144,CA,0,1
562,2024-09-01 19:16:36+00:00,UG_WEB,2,80.111.67.221,IE,0,1
563,2024-09-01 19:16:36+00:00,UG_WEB,1,75.159.12.211,CA,0,1
564,2024-09-01 19:16:36+00:00,UG_WEB,1,87.146.197.33,DE,0,1
565,2024-09-01 19:16:36+00:00,UG_WEB,2,78.19.99.78,IE,0,1
566,2024-09-01 19:16:36+00:00,UGT_IOS,2,2.218.168.216,GB,0,1
567,2024-09-01 19:16:36+00:00,UG_WEB,2,84.65.147.215,GB,0,1
568,2024-09-01 19:16:36+00:00,UG_WEB,1,94.210.59.176,NL,0,1
569,2024-09-01 19:16:36+00:00,UG_WEB,1,81.100.101.44,GB,0,1
570,2024-09-01 19:16:36+00:00,UGT_IOS,2,92.40.193.136,GB,0,1
571,2024-09-01 19:16:36+00:00,UG_WEB,1,91.43.145.87,DE,0,1
572,2024-09-01 19:16:36+00:00,UG_WEB,4,3.234.232.13,US,1,1
573,2024-09-01 19:16:36+00:00,UG_WEB,4,3.234.232.14,US,1,1
574,2024-09-01 19:16:36+00:00,UGT_IOS,2,174.211.37.14,US,0,1
575,2024-09-01 19:16:36+00:00,UG_WEB,2,174.208.45.254,US,0,1
576,2024-09-01 19:16:36+00:00,UG_WEB,1,78.198.149.86,FR,0,1
577,2024-09-01 19:16:36+00:00,UG_WEB,1,91.207.96.170,RU,0,1
578,2024-09-01 19:16:36+00:00,UG_WEB,2,92.25.46.124,GB,0,1
579,2024-09-01 19:16:36+00:00,UGT_IOS,2,73.8.108.204,US,0,1
580,2024-09-01 19:16:36+00:00,UGT_ANDROID,2,37.14.58.152,ES,0,1
581,2024-09-01 19:16:36+00:00,UGT_ANDROID,2,90.238.84.64,SE,0,1
582,2024-09-01 19:16:36+00:00,UG_WEB,1,66.68.44.57,US,0,1
583,2024-09-01 19:16:36+00:00,UG_WEB,2,70.113.36.11,US,0,1
584,2024-09-01 19:16:36+00:00,UGT_IOS,2,76.7.213.26,US,0,1
585,2024-09-01 19:16:36+00:00,UG_WEB,1,195.252.220.59,US,0,1
586,2024-09-01 19:16:36+00:00,UGT_ANDROID,2,82.1.172.200,GB,0,1
587,2024-09-01 19:16:36+00:00,UG_WEB,1,64.203.186.107,US,0,1
588,2024-09-01 19:16:36+00:00,UG_WEB,2,2.196.84.27,IT,0,1
589,2024-09-01 19:16:36+00:00,UG_WEB,2,101.56.175.99,IT,0,1
590,2024-09-01 19:16:36+00:00,UG_WEB,2,100.2.112.193,US,0,1
591,2024-09-01 19:16:36+00:00,UGT_IOS,2,140.213.118.142,ID,0,1
592,2024-09-01 19:16:37+00:00,UG_WEB,1,75.143.12.110,US,0,1
593,2024-09-01 19:16:37+00:00,UGT_ANDROID,2,78.208.174.224,IT,0,1
594,2024-09-01 19:16:37+00:00,UGT_IOS,2,107.116.253.29,US,0,1
595,2024-09-01 19:16:37+00:00,UG_WEB,2,70.71.240.27,CA,0,1
596,2024-09-01 19:16:37+00:00,UG_WEB,2,98.209.206.112,US,0,1
597,2024-09-01 19:16:37+00:00,UG_WEB,2,82.132.219.101,GB,0,1
598,2024-09-01 19:16:40+00:00,UG_WEB,1,36.71.246.10,ID,0,1
599,2024-09-01 19:16:41+00:00,UG_WEB,2,176.152.9.0,FR,0,1
600,2024-09-01 19:16:41+00:00,UG_WEB,2,107.223.139.145,US,0,1
601,2024-09-01 19:16:41+00:00,UGT_ANDROID,2,37.228.225.121,IE,0,1
602,2024-09-01 19:16:41+00:00,UG_WEB,2,212.104.229.137,LK,0,1
603,2024-09-01 19:16:41+00:00,UGT_IOS,2,67.163.8.72,US,0,1
604,2024-09-01 19:16:41+00:00,UGT_ANDROID,2,93.86.165.64,RS,0,1
605,2024-09-01 19:16:41+00:00,UG_WEB,2,106.221.212.198,IN,0,1
606,2024-09-01 19:16:41+00:00,UG_WEB,2,160.3.72.232,US,0,1
607,2024-09-01 19:16:41+00:00,UG_WEB,2,129.222.194.123,CA,0,1
608,2024-09-01 19:16:41+00:00,UGT_IOS,3,174.194.3.226,US,0,1
609,2024-09-01 19:16:41+00:00,UGT_IOS,3,199.180.105.162,US,0,1
610,2024-09-01 19:16:41+00:00,UG_WEB,1,31.111.84.89,GB,0,1
611,2024-09-01 19:16:41+00:00,UG_WEB,2,172.59.25.47,US,0,1
612,2024-09-01 19:16:41+00:00,UG_WEB,2,90.62.144.115,FR,0,1
613,2024-09-01 19:16:41+00:00,UGT_ANDROID,2,23.147.176.145,US,0,1
614,2024-09-01 19:16:41+00:00,UGT_ANDROID,2,149.40.50.121,US,0,1
615,2024-09-01 19:16:41+00:00,UG_WEB,2,107.15.213.34,US,0,1
616,2024-09-01 19:16:41+00:00,UGT_IOS,2,75.158.68.205,CA,0,1
617,2024-09-01 19:16:41+00:00,UGT_IOS,2,151.226.118.73,GB,0,1
618,2024-09-01 19:16:41+00:00,UG_WEB,2,87.49.45.166,DK,0,1
619,2024-09-01 19:16:41+00:00,UGT_IOS,2,137.184.193.17,US,0,1
620,2024-09-01 19:16:41+00:00,UGT_IOS,2,90.207.155.205,GB,0,1
621,2024-09-01 19:16:41+00:00,UG_WEB,1,84.62.103.82,DE,0,1
622,2024-09-01 19:16:41+00:00,UGT_IOS,2,109.231.80.141,CA,0,1
623,2024-09-01 19:16:41+00:00,UG_WEB,2,189.217.3.76,MX,0,1
624,2024-09-01 19:16:41+00:00,UG_WEB,1,75.142.89.78,US,0,1
625,2024-09-01 19:16:41+00:00,UG_WEB,1,27.147.190.162,BD,0,1
626,2024-09-01 19:16:41+00:00,UG_WEB,1,216.30.181.21,US,0,1
627,2024-09-01 19:16:41+00:00,UGT_IOS,3,23.239.50.96,CA,0,1
628,2024-09-01 19:16:41+00:00,UG_WEB,2,89.244.81.69,DE,0,1
629,2024-09-01 19:16:41+00:00,UG_WEB,1,79.215.190.95,DE,0,1
630,2024-09-01 19:16:41+00:00,UG_WEB,1,199.8.23.110,US,0,1
631,2024-09-01 19:16:41+00:00,UGT_IOS,2,73.94.8.95,US,0,1
632,2024-09-01 19:16:41+00:00,UG_WEB,1,86.16.114.26,GB,0,1
633,2024-09-01 19:16:42+00:00,UGT_ANDROID,2,78.45.140.81,CZ,0,1
634,2024-09-01 19:16:42+00:00,UG_WEB,2,83.253.23.205,SE,0,1
635,2024-09-01 19:16:42+00:00,UG_WEB,2,131.226.100.166,PH,0,1
636,2024-09-01 19:16:42+00:00,UG_WEB,2,32.220.240.43,US,0,1
637,2024-09-01 19:16:42+00:00,UGT_IOS,2,94.234.108.209,SE,0,1
638,2024-09-01 19:16:42+00:00,UGT_IOS,2,91.20.170.29,DE,0,1
639,2024-09-01 19:16:42+00:00,UGT_IOS,2,86.167.51.38,GB,0,1
640,2024-09-01 19:16:42+00:00,UG_WEB,2,84.227.36.139,CH,0,1
641,2024-09-01 19:16:42+00:00,UG_WEB,2,76.144.223.12,US,0,1
642,2024-09-01 19:16:42+00:00,UG_WEB,3,64.18.126.86,US,0,1
643,2024-09-01 19:16:42+00:00,UGT_IOS,2,76.130.156.227,US,0,1
644,2024-09-01 19:16:42+00:00,UG_WEB,2,184.155.171.76,US,0,1
645,2024-09-01 19:16:42+00:00,UG_WEB,1,117.227.1.100,IN,0,1
646,2024-09-01 19:16:42+00:00,UGT_IOS,2,24.114.101.157,CA,0,1
647,2024-09-01 19:16:42+00:00,UGT_ANDROID,2,174.218.125.250,US,0,1
648,2024-09-01 19:16:42+00:00,UGT_IOS,2,172.56.90.108,US,0,1
649,2024-09-01 19:16:42+00:00,UG_WEB,2,103.216.177.215,IN,0,1
650,2024-09-01 19:16:42+00:00,UGT_IOS,2,108.147.2.124,US,0,1
651,2024-09-01 19:16:42+00:00,UG_WEB,1,91.123.218.158,PL,0,1
652,2024-09-01 19:16:42+00:00,UG_WEB,2,24.49.43.230,US,0,1
653,2024-09-01 19:16:42+00:00,UGT_IOS,2,73.145.41.21,US,0,1
654,2024-09-01 19:16:42+00:00,UG_WEB,2,173.207.76.128,US,0,1
655,2024-09-01 19:16:42+00:00,UG_WEB,2,84.115.221.230,AT,0,1
656,2024-09-01 19:16:42+00:00,UG_WEB,1,64.188.168.62,US,0,1
657,2024-09-01 19:16:42+00:00,UG_WEB,1,147.235.197.0,IL,0,1
658,2024-09-01 19:16:42+00:00,UG_WEB,2,104.60.173.28,US,0,1
659,2024-09-01 19:16:42+00:00,UG_WEB,1,80.6.115.172,GB,0,1
660,2024-09-01 19:16:42+00:00,UGT_IOS,3,23.239.50.96,CA,0,1
661,2024-09-01 19:16:42+00:00,UGT_IOS,2,100.33.120.100,US,0,1
662,2024-09-01 19:16:42+00:00,UG_WEB,2,93.204.230.89,DE,0,1
663,2024-09-01 19:16:42+00:00,UG_WEB,1,5.186.210.94,DK,0,1
664,2024-09-01 19:16:42+00:00,UG_WEB,2,72.143.206.220,CA,0,1
665,2024-09-01 19:16:42+00:00,UG_WEB,2,5.184.215.199,PL,0,1
666,2024-09-01 19:16:43+00:00,UG_WEB,1,89.144.198.32,AT,0,1
667,2024-09-01 19:16:43+00:00,UGT_ANDROID,2,62.45.138.141,NL,0,1
668,2024-09-01 19:16:43+00:00,UGT_ANDROID,2,181.170.253.154,AR,0,1
669,2024-09-01 19:16:43+00:00,UG_WEB,2,31.94.70.238,GB,0,1
670,2024-09-01 19:16:43+00:00,UG_WEB,2,86.142.253.235,GB,0,1
671,2024-09-01 19:16:43+00:00,UGT_IOS,2,174.246.194.198,US,0,1
672,2024-09-01 19:16:43+00:00,UGT_ANDROID,2,194.158.87.77,AD,0,1
673,2024-09-01 19:16:43+00:00,UG_WEB,1,49.37.116.42,IN,0,1
674,2024-09-01 19:16:43+00:00,UG_WEB,1,161.142.152.36,MY,0,1
675,2024-09-01 19:16:45+00:00,UG_WEB,1,23.148.208.40,US,0,1
676,2024-09-01 19:16:45+00:00,UG_ANDROID,3,180.150.38.102,AU,0,1
677,2024-09-01 19:16:45+00:00,UG_WEB,2,142.127.26.54,CA,0,1
678,2024-09-01 19:16:45+00:00,UG_WEB,2,157.40.100.255,IN,0,1
679,2024-09-01 19:16:45+00:00,UG_WEB,1,46.135.27.40,CZ,0,1
680,2024-09-01 19:16:45+00:00,UGT_IOS,2,82.2.101.135,GB,0,1
681,2024-09-01 19:16:45+00:00,UG_WEB,1,104.28.31.9,DK,0,1
682,2024-09-01 19:16:45+00:00,UGT_IOS,3,107.77.199.136,US,0,1
683,2024-09-01 19:16:45+00:00,UG_WEB,2,77.77.223.166,BA,0,1
684,2024-09-01 19:16:45+00:00,UGT_IOS,2,199.15.216.71,US,0,1
685,2024-09-01 19:16:45+00:00,UG_WEB,2,176.59.12.52,RU,0,1
686,2024-09-01 19:16:45+00:00,UG_WEB,1,172.59.217.68,US,0,1
687,2024-09-01 19:16:45+00:00,UG_WEB,3,109.9.45.86,FR,0,1
688,2024-09-01 19:16:45+00:00,UGT_IOS,2,109.42.176.60,DE,0,1
689,2024-09-01 19:16:45+00:00,UG_WEB,2,104.28.92.155,US,0,1
690,2024-09-01 19:16:45+00:00,UG_WEB,2,131.239.69.129,US,0,1
691,2024-09-01 19:16:45+00:00,UGT_IOS,2,68.205.155.41,US,0,1
692,2024-09-01 19:16:45+00:00,UGT_ANDROID,2,77.168.112.124,NL,0,1
693,2024-09-01 19:16:45+00:00,UGT_ANDROID,2,37.167.244.80,FR,0,1
694,2024-09-01 19:16:45+00:00,UG_WEB,1,24.40.179.210,DE,0,1
695,2024-09-01 19:16:45+00:00,UG_WEB,1,190.5.37.196,CL,0,1
696,2024-09-01 19:16:45+00:00,UGT_IOS,2,47.220.197.68,US,0,1
697,2024-09-01 19:16:45+00:00,UG_WEB,1,72.193.5.185,US,0,1
698,2024-09-01 19:16:45+00:00,UG_WEB,2,46.65.80.99,GB,0,1
699,2024-09-01 19:16:45+00:00,UG_WEB,1,2.103.108.59,GB,0,1
700,2024-09-01 19:16:45+00:00,UGT_IOS,2,188.63.170.180,CH,0,1
701,2024-09-01 19:16:45+00:00,UG_WEB,2,107.77.223.48,US,0,1
702,2024-09-01 19:16:45+00:00,UG_WEB,2,88.122.183.247,FR,0,1
703,2024-09-01 19:16:45+00:00,UGT_ANDROID,2,89.153.231.60,PT,0,1
704,2024-09-01 19:16:46+00:00,UG_WEB,2,194.36.105.74,ES,0,1
705,2024-09-01 19:16:46+00:00,UG_WEB,1,73.16.21.224,US,0,1
706,2024-09-01 19:16:46+00:00,UGT_IOS,2,23.244.159.112,US,0,1
707,2024-09-01 19:16:46+00:00,UG_WEB,2,206.192.248.62,US,0,1
708,2024-09-01 19:16:46+00:00,UGT_ANDROID,2,68.129.141.242,US,0,1
709,2024-09-01 19:16:46+00:00,UG_WEB,2,67.163.81.72,US,0,1
710,2024-09-01 19:16:46+00:00,UG_WEB,1,107.191.2.2,US,0,1
711,2024-09-01 19:16:46+00:00,UGT_IOS,3,79.217.118.22,DE,0,1
712,2024-09-01 19:16:46+00:00,UG_WEB,1,188.6.234.65,HU,0,1
713,2024-09-01 19:16:46+00:00,UG_WEB,2,81.207.4.68,NL,0,1
714,2024-09-01 19:16:46+00:00,UG_WEB,1,76.224.22.79,US,0,1
715,2024-09-01 19:16:46+00:00,UG_WEB,1,89.149.68.249,MD,0,1
716,2024-09-01 19:16:46+00:00,UG_WEB,2,202.8.114.241,IN,0,1
717,2024-09-01 19:16:46+00:00,UGT_IOS,2,77.85.120.253,BG,0,1
718,2024-09-01 19:16:46+00:00,UG_WEB,2,172.56.34.139,US,0,1
719,2024-09-01 19:16:46+00:00,UGT_IOS,2,109.152.12.0,GB,0,1
720,2024-09-01 19:16:46+00:00,UGT_ANDROID,2,77.63.23.156,NL,0,1
721,2024-09-01 19:16:46+00:00,UGT_ANDROID,2,86.1.8.79,GB,0,1
722,2024-09-01 19:16:46+00:00,UGT_IOS,2,104.183.84.143,US,0,1
723,2024-09-01 19:16:46+00:00,UG_WEB,2,166.199.134.76,US,0,1
724,2024-09-01 19:16:46+00:00,UG_WEB,2,118.211.162.149,AU,0,1
725,2024-09-01 19:16:46+00:00,UG_WEB,2,174.225.49.135,US,0,1
726,2024-09-01 19:16:46+00:00,UGT_ANDROID,2,172.56.12.176,US,0,1
727,2024-09-01 19:16:46+00:00,UGT_IOS,3,151.95.231.138,IT,0,1
728,2024-09-01 19:16:46+00:00,UG_WEB,1,24.168.51.107,US,0,1
729,2024-09-01 19:16:46+00:00,UG_WEB,1,76.37.86.152,US,0,1
730,2024-09-01 19:16:46+00:00,UGT_ANDROID,2,89.14.183.16,DE,0,1
731,2024-09-01 19:16:46+00:00,UG_WEB,2,104.203.162.85,US,0,1
732,2024-09-01 19:16:46+00:00,UG_WEB,1,149.22.197.203,GB,0,1
733,2024-09-01 19:16:46+00:00,UG_WEB,2,151.36.207.254,IT,0,1
734,2024-09-01 19:16:46+00:00,UGT_IOS,3,107.116.89.116,US,0,1
735,2024-09-01 19:16:46+00:00,UG_WEB,2,129.222.44.48,US,0,1
736,2024-09-01 19:16:46+00:00,UG_WEB,2,172.58.8.227,US,0,1
737,2024-09-01 19:16:46+00:00,UG_WEB,1,172.58.124.110,US,0,1
738,2024-09-01 19:16:46+00:00,UG_WEB,2,80.167.213.236,DK,0,1
739,2024-09-01 19:16:47+00:00,UG_WEB,3,86.140.220.161,GB,0,1
740,2024-09-01 19:16:47+00:00,UG_WEB,1,192.24.183.114,US,0,1
741,2024-09-01 19:16:47+00:00,UGT_IOS,2,57.138.237.156,US,0,1
742,2024-09-01 19:16:47+00:00,UG_WEB,2,83.137.6.171,DK,0,1
743,2024-09-01 19:16:47+00:00,UG_WEB,2,77.63.93.164,NL,0,1
744,2024-09-01 19:16:47+00:00,UGT_IOS,2,172.56.72.28,US,0,1
745,2024-09-01 19:16:47+00:00,UG_WEB,2,104.28.60.70,IL,0,1
746,2024-09-01 19:16:47+00:00,UGT_ANDROID,2,216.114.110.80,US,0,1
747,2024-09-01 19:16:47+00:00,UGT_IOS,2,207.189.202.50,SE,0,1
748,2024-09-01 19:16:47+00:00,UGT_IOS,2,130.18.104.82,US,0,1
749,2024-09-01 19:16:47+00:00,UG_WEB,2,46.193.1.26,FR,0,1
750,2024-09-01 19:16:47+00:00,UGT_ANDROID,2,86.1.8.79,GB,0,1
751,2024-09-01 19:16:47+00:00,UG_WEB,2,190.100.159.58,CL,0,1
752,2024-09-01 19:16:47+00:00,UG_WEB,2,76.183.42.180,US,0,1
753,2024-09-01 19:16:47+00:00,UGT_IOS,2,86.147.229.15,GB,0,1
754,2024-09-01 19:16:47+00:00,UG_WEB,2,96.52.77.35,CA,0,1
755,2024-09-01 19:16:48+00:00,UG_WEB,2,189.126.230.62,BR,0,1
756,2024-09-01 19:16:50+00:00,UG_WEB,1,112.203.71.146,PH,0,1
757,2024-09-01 19:16:50+00:00,UG_WEB,1,182.3.139.98,ID,0,1
758,2024-09-01 19:16:52+00:00,UG_WEB,1,49.146.61.68,PH,0,1
759,2024-09-01 19:16:52+00:00,UG_WEB,2,110.138.92.247,ID,0,1
760,2024-09-01 19:16:52+00:00,UG_WEB,2,49.47.131.209,IN,0,1
761,2024-09-01 19:16:52+00:00,UG_WEB,2,66.96.225.169,ID,0,1
762,2024-09-01 19:16:53+00:00,UGT_ANDROID,2,66.60.36.229,AR,0,1
763,2024-09-01 19:16:53+00:00,UGT_IOS,3,207.153.52.54,US,0,1
764,2024-09-01 19:16:53+00:00,UG_WEB,2,75.201.100.241,US,0,1
765,2024-09-01 19:16:53+00:00,UGT_IOS,2,24.59.202.125,US,0,1
766,2024-09-01 19:16:53+00:00,UG_WEB,2,172.59.1.14,US,0,1
767,2024-09-01 19:16:53+00:00,UG_WEB,2,66.245.234.212,CA,0,1
768,2024-09-01 19:16:53+00:00,UG_WEB,2,146.247.34.197,RU,0,1
769,2024-09-01 19:16:53+00:00,UGT_ANDROID,2,23.180.192.172,US,0,1
770,2024-09-01 19:16:53+00:00,UG_WEB,2,67.115.39.45,US,0,1
771,2024-09-01 19:16:53+00:00,UG_WEB,1,109.99.91.18,RO,0,1
772,2024-09-01 19:16:53+00:00,UG_WEB,2,80.187.102.46,DE,0,1
773,2024-09-01 19:16:53+00:00,UG_WEB,2,47.11.65.243,IN,0,1
774,2024-09-01 19:16:53+00:00,UG_WEB,1,86.25.109.141,GB,0,1
775,2024-09-01 19:16:53+00:00,UGT_IOS,2,66.173.126.69,US,0,1
776,2024-09-01 19:16:53+00:00,UG_WEB,2,109.78.184.104,IE,0,1
777,2024-09-01 19:16:53+00:00,UG_WEB,1,104.28.48.2,CA,0,1
778,2024-09-01 19:16:53+00:00,UGT_ANDROID,2,37.109.167.253,PL,0,1
779,2024-09-01 19:16:53+00:00,UG_WEB,2,110.54.153.221,PH,0,1
780,2024-09-01 19:16:53+00:00,UG_WEB,1,213.197.22.48,NL,0,1
781,2024-09-01 19:16:53+00:00,UG_WEB,2,73.235.37.122,US,0,1
782,2024-09-01 19:16:53+00:00,UG_WEB,2,212.129.36.247,FR,0,1
783,2024-09-01 19:16:54+00:00,UG_WEB,1,84.71.161.182,GB,0,1
784,2024-09-01 19:16:54+00:00,UG_WEB,2,109.243.69.102,PL,0,1
785,2024-09-01 19:16:54+00:00,UGT_ANDROID,2,149.50.170.215,GB,0,1
786,2024-09-01 19:16:54+00:00,UG_WEB,2,77.100.112.82,GB,0,1
787,2024-09-01 19:16:54+00:00,UGT_IOS,2,12.75.117.47,US,0,1
788,2024-09-01 19:16:54+00:00,UG_WEB,1,47.184.115.61,US,0,1
789,2024-09-01 19:16:54+00:00,UG_WEB,2,74.113.40.104,US,0,1
790,2024-09-01 19:16:54+00:00,UG_WEB,1,89.247.11.81,DE,0,1
791,2024-09-01 19:16:54+00:00,UG_WEB,1,37.65.19.126,FR,0,1
792,2024-09-01 19:16:54+00:00,UGT_IOS,2,86.10.48.252,GB,0,1
793,2024-09-01 19:16:54+00:00,UG_WEB,2,200.63.42.38,MX,0,1
794,2024-09-01 19:16:54+00:00,UGT_IOS,2,109.223.115.37,FR,0,1
795,2024-09-01 19:16:54+00:00,UG_WEB,1,98.149.174.39,US,0,1
796,2024-09-01 19:16:54+00:00,UGT_IOS,2,96.54.214.77,CA,0,1
797,2024-09-01 19:16:54+00:00,UGT_IOS,2,99.98.14.85,US,0,1
798,2024-09-01 19:16:54+00:00,UG_WEB,1,90.25.227.67,FR,0,1
799,2024-09-01 19:16:54+00:00,UG_WEB,1,79.146.37.225,ES,0,1
800,2024-09-01 19:16:54+00:00,UG_WEB,2,213.134.165.19,PL,0,1
801,2024-09-01 19:16:54+00:00,UG_WEB,2,174.251.164.128,US,0,1
802,2024-09-01 19:16:54+00:00,UG_WEB,1,73.22.30.254,US,0,1
803,2024-09-01 19:16:54+00:00,UG_WEB,2,80.6.99.102,GB,0,1
804,2024-09-01 19:16:54+00:00,UG_WEB,1,177.240.101.159,MX,0,1
805,2024-09-01 19:16:54+00:00,UG_WEB,1,76.32.233.3,US,0,1
806,2024-09-01 19:16:54+00:00,UG_WEB,2,172.56.196.56,US,0,1
807,2024-09-01 19:16:54+00:00,UG_WEB,2,70.64.86.152,CA,0,1
808,2024-09-01 19:16:54+00:00,UG_WEB,2,213.202.160.242,IE,0,1
809,2024-09-01 19:16:54+00:00,UGT_IOS,2,2.126.223.154,GB,0,1
810,2024-09-01 19:16:54+00:00,UGT_IOS,2,69.120.174.253,US,0,1
811,2024-09-01 19:16:54+00:00,UG_WEB,2,24.36.1.4,CA,0,1
812,2024-09-01 19:16:54+00:00,UGT_ANDROID,2,81.241.13.33,BE,0,1
813,2024-09-01 19:16:54+00:00,UG_WEB,3,78.17.138.142,IE,0,1
814,2024-09-01 19:16:54+00:00,UG_WEB,2,100.35.226.169,US,0,1
815,2024-09-01 19:16:54+00:00,UGT_IOS,2,2.222.22.52,GB,0,1
816,2024-09-01 19:16:54+00:00,UG_WEB,1,2.202.101.191,DE,0,1
817,2024-09-01 19:16:54+00:00,UG_WEB,1,86.141.198.246,GB,0,1
818,2024-09-01 19:16:54+00:00,UG_WEB,2,66.31.154.112,US,0,1
819,2024-09-01 19:16:54+00:00,UG_WEB,2,160.242.109.121,NA,0,1
820,2024-09-01 19:16:54+00:00,UGT_IOS,2,174.103.220.199,US,0,1
821,2024-09-01 19:16:54+00:00,UG_WEB,2,172.56.81.244,US,0,1
822,2024-09-01 19:16:54+00:00,UGT_IOS,2,38.40.56.112,US,0,1
823,2024-09-01 19:16:54+00:00,UG_WEB,1,86.163.74.19,GB,0,1
824,2024-09-01 19:16:54+00:00,UG_WEB,2,102.90.42.178,NG,0,1
825,2024-09-01 19:16:54+00:00,UG_WEB,1,173.214.150.32,US,0,1
826,2024-09-01 19:16:54+00:00,UG_WEB,2,69.5.143.1,US,0,1
827,2024-09-01 19:16:54+00:00,UGT_IOS,2,38.85.153.210,US,0,1
828,2024-09-01 19:16:54+00:00,UGT_IOS,2,98.183.86.191,US,0,1
829,2024-09-01 19:16:54+00:00,UG_WEB,2,104.28.31.63,SE,0,1
830,2024-09-01 19:16:54+00:00,UGT_ANDROID,2,2.125.88.15,GB,0,1
831,2024-09-01 19:16:54+00:00,UG_WEB,2,46.1.62.193,TR,0,1
832,2024-09-01 19:16:54+00:00,UGT_IOS,2,172.56.114.236,US,0,1
833,2024-09-01 19:16:54+00:00,UG_WEB,1,86.99.202.184,AE,0,1
834,2024-09-01 19:16:55+00:00,UGT_IOS,2,129.222.252.169,US,0,1
835,2024-09-01 19:16:55+00:00,UGT_IOS,2,174.203.131.39,US,0,1
836,2024-09-01 19:16:55+00:00,UG_WEB,1,184.175.28.67,CA,0,1
837,2024-09-01 19:16:55+00:00,UG_WEB,2,15.223.119.13,CA,0,1
838,2024-09-01 19:16:55+00:00,UG_WEB,1,99.249.207.208,CA,0,1
839,2024-09-01 19:16:55+00:00,UG_WEB,2,70.27.30.25,CA,0,1
840,2024-09-01 19:16:55+00:00,UG_WEB,1,104.9.138.237,US,0,1
841,2024-09-01 19:16:55+00:00,UGT_IOS,2,176.83.5.83,ES,0,1
842,2024-09-01 19:16:55+00:00,UG_WEB,2,70.75.107.144,CA,0,1
843,2024-09-01 19:16:55+00:00,UG_WEB,2,86.168.252.71,GB,0,1
844,2024-09-01 19:16:55+00:00,UG_WEB,2,78.98.76.170,SK,0,1
845,2024-09-01 19:16:55+00:00,UG_WEB,1,93.198.134.172,DE,0,1
846,2024-09-01 19:16:55+00:00,UG_WEB,3,172.125.53.128,US,0,1
847,2024-09-01 19:16:55+00:00,UGT_ANDROID,2,176.3.18.46,DE,0,1
848,2024-09-01 19:16:55+00:00,UG_WEB,1,189.162.192.129,MX,0,1
849,2024-09-01 19:16:56+00:00,UG_WEB,2,103.3.220.20,ID,0,1
850,2024-09-01 19:16:56+00:00,UG_WEB,1,14.139.211.230,IN,0,1
851,2024-09-01 19:16:56+00:00,UG_WEB,2,49.37.39.247,IN,0,1
852,2024-09-01 19:16:57+00:00,UG_WEB,2,206.55.104.235,US,0,1
853,2024-09-01 19:16:57+00:00,UGT_ANDROID,2,80.6.99.102,GB,0,1
854,2024-09-01 19:16:57+00:00,UG_WEB,2,12.74.212.119,US,0,1
855,2024-09-01 19:16:57+00:00,UG_WEB,1,2.54.186.203,IL,0,1
856,2024-09-01 19:16:57+00:00,UG_WEB,2,117.99.219.90,IN,0,1
857,2024-09-01 19:16:57+00:00,UGT_IOS,2,80.233.50.35,IE,0,1
858,2024-09-01 19:16:57+00:00,UG_WEB,1,50.5.57.237,US,0,1
859,2024-09-01 19:16:57+00:00,UG_WEB,1,109.81.167.58,CZ,0,1
860,2024-09-01 19:16:57+00:00,UG_WEB,2,86.41.62.208,IE,0,1
861,2024-09-01 19:16:57+00:00,UG_WEB,2,181.55.70.3,CO,0,1
862,2024-09-01 19:16:57+00:00,UG_WEB,1,149.88.103.54,JP,0,1
863,2024-09-01 19:16:57+00:00,UG_WEB,2,192.230.188.22,US,0,1
864,2024-09-01 19:16:57+00:00,UG_WEB,1,88.171.46.144,FR,0,1
865,2024-09-01 19:16:57+00:00,UG_WEB,1,78.58.23.228,LT,0,1
866,2024-09-01 19:16:57+00:00,UG_WEB,2,86.2.40.225,GB,0,1
867,2024-09-01 19:16:57+00:00,UG_WEB,2,116.206.36.33,ID,0,1
868,2024-09-01 19:16:58+00:00,UG_WEB,1,35.149.44.5,US,0,1
869,2024-09-01 19:16:58+00:00,UG_WEB,1,94.5.185.166,GB,0,1
870,2024-09-01 19:16:58+00:00,UGT_IOS,2,98.151.218.255,US,0,1
871,2024-09-01 19:16:58+00:00,UGT_ANDROID,2,178.139.233.228,ES,0,1
872,2024-09-01 19:16:58+00:00,UGT_ANDROID,2,5.65.113.45,GB,0,1
873,2024-09-01 19:16:58+00:00,UGT_IOS,2,188.88.244.155,NL,0,1
874,2024-09-01 19:16:58+00:00,UGT_ANDROID,2,172.89.51.159,US,0,1
875,2024-09-01 19:16:58+00:00,UG_WEB,2,72.185.254.145,US,0,1
876,2024-09-01 19:16:58+00:00,UGT_ANDROID,2,196.200.150.221,MA,0,1
877,2024-09-01 19:16:58+00:00,UGT_ANDROID,2,91.170.72.70,FR,0,1
878,2024-09-01 19:16:58+00:00,UG_WEB,3,73.232.193.123,US,0,1
879,2024-09-01 19:16:58+00:00,UG_WEB,1,174.7.160.50,CA,0,1
880,2024-09-01 19:16:58+00:00,UG_WEB,2,84.140.155.38,DE,0,1
881,2024-09-01 19:16:58+00:00,UGT_IOS,3,92.40.173.54,GB,0,1
882,2024-09-01 19:16:58+00:00,UGT_ANDROID,3,86.179.182.116,GB,0,1
883,2024-09-01 19:16:58+00:00,UG_WEB,1,24.180.220.144,US,0,1
884,2024-09-01 19:16:58+00:00,UGT_IOS,2,76.138.97.101,US,0,1
885,2024-09-01 19:16:58+00:00,UG_WEB,2,201.188.144.127,CL,0,1
886,2024-09-01 19:16:58+00:00,UG_WEB,3,91.248.155.216,DE,0,1
887,2024-09-01 19:16:58+00:00,UG_WEB,2,156.205.10.211,EG,0,1
888,2024-09-01 19:16:58+00:00,UGT_IOS,2,85.184.176.213,DK,0,1
889,2024-09-01 19:16:58+00:00,UG_WEB,1,72.196.232.252,US,0,1
890,2024-09-01 19:16:58+00:00,UG_WEB,1,47.200.202.203,US,0,1
891,2024-09-01 19:16:58+00:00,UGT_IOS,2,45.18.72.131,US,0,1
892,2024-09-01 19:16:58+00:00,UG_WEB,1,84.66.143.242,GB,0,1
893,2024-09-01 19:16:58+00:00,UGT_ANDROID,2,87.116.132.13,RS,0,1
894,2024-09-01 19:16:58+00:00,UG_WEB,1,134.48.162.184,US,0,1
895,2024-09-01 19:16:58+00:00,UG_WEB,1,90.100.225.138,FR,0,1
896,2024-09-01 19:16:58+00:00,UGT_IOS,2,12.39.87.82,US,0,1
897,2024-09-01 19:16:58+00:00,UGT_IOS,2,174.201.150.41,US,0,1
898,2024-09-01 19:16:58+00:00,UGT_ANDROID,2,176.200.161.254,IT,0,1
899,2024-09-01 19:16:58+00:00,UGT_IOS,3,129.222.193.64,CA,0,1
900,2024-09-01 19:16:58+00:00,UG_WEB,1,98.180.212.76,US,0,1
901,2024-09-01 19:16:58+00:00,UGT_ANDROID,2,176.254.231.154,GB,0,1
902,2024-09-01 19:16:58+00:00,UGT_ANDROID,2,76.167.228.70,US,0,1
903,2024-09-01 19:16:58+00:00,UG_WEB,1,136.62.192.97,US,0,1
904,2024-09-01 19:16:58+00:00,UGT_ANDROID,2,176.7.156.62,DE,0,1
905,2024-09-01 19:16:58+00:00,UGT_ANDROID,2,174.203.249.248,US,0,1
906,2024-09-01 19:16:58+00:00,UGT_IOS,2,109.193.225.124,DE,0,1
907,2024-09-01 19:16:59+00:00,UG_WEB,2,74.141.68.56,US,0,1
908,2024-09-01 19:16:59+00:00,UG_WEB,1,27.34.31.151,NP,0,1
909,2024-09-01 19:16:59+00:00,UG_WEB,1,109.129.171.128,BE,0,1
910,2024-09-01 19:16:59+00:00,UGT_IOS,2,76.91.57.252,US,0,1
911,2024-09-01 19:16:59+00:00,UG_WEB,1,193.203.12.134,SE,0,1
912,2024-09-01 19:16:59+00:00,UG_WEB,1,196.247.161.246,GB,0,1
913,2024-09-01 19:16:59+00:00,UG_WEB,1,100.11.15.249,US,0,1
914,2024-09-01 19:16:59+00:00,UGT_IOS,2,32.143.234.58,US,0,1
915,2024-09-01 19:16:59+00:00,UGT_IOS,2,107.77.209.37,US,0,1
916,2024-09-01 19:16:59+00:00,UG_WEB,2,77.219.6.246,LV,0,1
917,2024-09-01 19:16:59+00:00,UGT_ANDROID,2,172.89.51.159,US,0,1
918,2024-09-01 19:16:59+00:00,UGT_IOS,2,47.196.152.179,US,0,1
919,2024-09-01 19:16:59+00:00,UG_WEB,2,85.174.192.116,RU,0,1
920,2024-09-01 19:17:01+00:00,UGT_IOS,3,82.43.219.150,GB,0,1
921,2024-09-01 19:17:01+00:00,UGT_IOS,2,70.117.9.197,US,0,1
922,2024-09-01 19:17:01+00:00,UG_WEB,2,86.59.161.137,HU,0,1
923,2024-09-01 19:17:01+00:00,UGT_IOS,2,174.196.210.42,US,0,1
924,2024-09-01 19:17:01+00:00,UG_WEB,2,108.211.111.196,US,0,1
925,2024-09-01 19:17:01+00:00,UG_WEB,1,93.35.119.58,IT,0,1
926,2024-09-01 19:17:01+00:00,UG_WEB,2,172.56.153.154,US,0,1
927,2024-09-01 19:17:01+00:00,UGT_ANDROID,3,146.90.177.15,GB,0,1
928,2024-09-01 19:17:01+00:00,UG_WEB,2,90.129.197.145,SE,0,1
929,2024-09-01 19:17:01+00:00,UGT_IOS,2,104.15.133.199,US,0,1
930,2024-09-01 19:17:01+00:00,UG_WEB,2,104.28.48.98,US,0,1
931,2024-09-01 19:17:01+00:00,UG_WEB,1,74.205.149.226,US,0,1
932,2024-09-01 19:17:01+00:00,UGT_IOS,2,166.198.250.106,US,0,1
933,2024-09-01 19:17:01+00:00,UG_WEB,1,181.16.124.184,AR,0,1
934,2024-09-01 19:17:02+00:00,UGT_IOS,2,98.151.134.132,US,0,1
935,2024-09-01 19:17:02+00:00,UG_WEB,2,51.194.98.51,GB,0,1
936,2024-09-01 19:17:02+00:00,UG_WEB,1,78.133.78.193,MT,0,1
937,2024-09-01 19:17:02+00:00,UG_WEB,2,172.58.146.252,US,0,1
938,2024-09-01 19:17:02+00:00,UG_WEB,1,142.116.208.231,CA,0,1
939,2024-09-01 19:17:02+00:00,UGT_IOS,3,73.143.82.63,US,0,1
940,2024-09-01 19:17:02+00:00,UG_WEB,3,87.132.119.153,DE,0,1
941,2024-09-01 19:17:02+00:00,UG_WEB,2,80.187.112.40,DE,0,1
942,2024-09-01 19:17:02+00:00,UGT_IOS,2,98.116.78.105,US,0,1
943,2024-09-01 19:17:02+00:00,UGT_IOS,2,12.74.55.120,US,0,1
944,2024-09-01 19:17:02+00:00,UGT_IOS,2,77.250.201.57,NL,0,1
945,2024-09-01 19:17:02+00:00,UG_WEB,1,91.141.61.253,AT,0,1
946,2024-09-01 19:17:02+00:00,UGT_IOS,2,213.55.221.174,CH,0,1
947,2024-09-01 19:17:02+00:00,UGT_ANDROID,2,86.152.210.221,GB,0,1
948,2024-09-01 19:17:02+00:00,UG_WEB,2,142.118.215.46,CA,0,1
949,2024-09-01 19:17:02+00:00,UGT_IOS,2,130.44.149.122,US,0,1
950,2024-09-01 19:17:02+00:00,UG_WEB,1,98.117.166.235,US,0,1
951,2024-09-01 19:17:02+00:00,UGT_ANDROID,2,37.162.40.119,IT,0,1
952,2024-09-01 19:17:02+00:00,UG_WEB,2,98.166.83.107,US,0,1
953,2024-09-01 19:17:02+00:00,UGT_IOS,2,80.62.116.20,DK,0,1
954,2024-09-01 19:17:02+00:00,UGT_ANDROID,2,94.193.195.126,GB,0,1
955,2024-09-01 19:17:02+00:00,UGT_ANDROID,2,91.110.240.245,GB,0,1
956,2024-09-01 19:17:02+00:00,UGT_IOS,3,87.163.206.130,DE,0,1
957,2024-09-01 19:17:02+00:00,UG_WEB,2,191.156.57.55,CO,0,1
958,2024-09-01 19:17:02+00:00,UG_WEB,2,213.113.201.146,SE,0,1
959,2024-09-01 19:17:02+00:00,UGT_ANDROID,2,37.66.208.254,FR,0,1
960,2024-09-01 19:17:02+00:00,UG_WEB,2,62.46.53.43,AT,0,1
961,2024-09-01 19:17:02+00:00,UGT_ANDROID,2,78.54.26.180,DE,0,1
962,2024-09-01 19:17:02+00:00,UG_WEB,1,136.167.154.253,US,0,1
963,2024-09-01 19:17:02+00:00,UGT_ANDROID,2,152.44.156.149,US,0,1
964,2024-09-01 19:17:02+00:00,UGT_ANDROID,2,114.10.27.8,ID,0,1
965,2024-09-01 19:17:02+00:00,UG_WEB,2,71.84.83.137,US,0,1
966,2024-09-01 19:17:02+00:00,UGT_IOS,2,212.132.214.42,GB,0,1
967,2024-09-01 19:17:02+00:00,UG_WEB,1,136.58.24.193,US,0,1
968,2024-09-01 19:17:02+00:00,UG_WEB,2,190.167.233.206,DO,0,1
969,2024-09-01 19:17:02+00:00,UG_WEB,1,89.33.77.221,RO,0,1
970,2024-09-01 19:17:03+00:00,UG_WEB,1,173.183.254.72,CA,0,1
971,2024-09-01 19:17:03+00:00,UGT_ANDROID,2,78.211.229.225,IT,0,1
972,2024-09-01 19:17:03+00:00,UG_WEB,2,104.195.233.87,CA,0,1
973,2024-09-01 19:17:03+00:00,UG_WEB,2,184.162.223.181,CA,0,1
974,2024-09-01 19:17:03+00:00,UG_WEB,2,204.237.1.39,CA,0,1
975,2024-09-01 19:17:03+00:00,UGT_IOS,2,174.215.116.115,US,0,1
976,2024-09-01 19:17:03+00:00,UG_WEB,1,31.36.203.114,FR,0,1
977,2024-09-01 19:17:03+00:00,UG_WEB,2,129.222.195.14,CA,0,1
978,2024-09-01 19:17:03+00:00,UGT_IOS,2,85.255.235.180,GB,0,1
979,2024-09-01 19:17:03+00:00,UGT_ANDROID,2,2.222.22.52,GB,0,1
980,2024-09-01 19:17:03+00:00,UG_WEB,1,37.167.195.36,FR,0,1
981,2024-09-01 19:17:03+00:00,UG_WEB,3,109.38.134.248,NL,0,1
982,2024-09-01 19:17:03+00:00,UGT_IOS,3,212.186.44.157,AT,0,1
983,2024-09-01 19:17:03+00:00,UG_WEB,1,88.123.55.58,FR,0,1
984,2024-09-01 19:17:03+00:00,UGT_ANDROID,2,92.17.173.108,GB,0,1
985,2024-09-01 19:17:03+00:00,UG_WEB,1,90.204.244.222,GB,0,1
986,2024-09-01 19:17:03+00:00,UGT_ANDROID,2,99.184.19.173,US,0,1
987,2024-09-01 19:17:03+00:00,UGT_IOS,2,37.171.121.170,FR,0,1
